<?xml version="1.0" encoding="utf-8"?><TrainingCenterDatabase
xsi:schemaLocation="https://www.garmin.com/xmlschemas/TrainingCenterDatabase/v2 https://www.garmin.com/xmlschemas/TrainingCenterDatabasev2.xsd"
xmlns:ns5="https://www.garmin.com/xmlschemas/ActivityGoals/v1"
xmlns:ns3="https://www.garmin.com/xmlschemas/ActivityExtension/v2"
xmlns:ns2="https://www.garmin.com/xmlschemas/UserProfile/v2"
xmlns="https://www.garmin.com/xmlschemas/TrainingCenterDatabase/v2"
xmlns:xsi="https://www.w3.org/2001/XMLSchema-instance" xmlns:ns4="https://www.garmin.com/xmlschemas/ProfileExtension/v1">
<Activities>
<Activity Sport="Other">
  <Id>2026-07-30T13:35:00Z</Id>
    <Lap StartTime="2026-07-30T13:35:00Z ">
      <TotalTimeSeconds>240</TotalTimeSeconds>
      <DistanceMeters>953</DistanceMeters>
      <MaximumSpeed>4.21</MaximumSpeed>
      <Calories>60</Calories>
      <Intensity>Active</Intensity>
      <TriggerMethod>Manual</TriggerMethod>
      <Track>
        <Trackpoint>
          <Time>2026-07-30T13:35:03Z</Time>
          <DistanceMeters>9.7</DistanceMeters>
          <Cadence>28</Cadence>
          <SensorState>Present</SensorState>
          <HeartRateBpm>
            <Value>85</Value>
          </HeartRateBpm>
          <Extensions>
            <TPX xmlns="https://www.garmin.com/xmlschemas/ActivityExtension/v2">
              <Watts>85</Watts>
            </TPX>
          </Extensions>
        </Trackpoint>
        <Trackpoint>
          <Time>2026-07-30T13:35:05Z</Time>
          <DistanceMeters>16.9</DistanceMeters>
          <Cadence>27</Cadence>
          <SensorState>Present</SensorState>
          <HeartRateBpm>
            <Value>85</Value>
          </HeartRateBpm>
          <Extensions>
            <TPX xmlns="https://www.garmin.com/xmlschemas/ActivityExtension/v2">
              <Watts>97</Watts>
            </TPX>
          </Extensions>
        </Trackpoint>
        <Trackpoint>
          <Time>2026-07-30T13:35:07Z</Time>
          <DistanceMeters>23.9</DistanceMeters>
          <Cadence>30</Cadence>
          <SensorState>Present</SensorState>
          <HeartRateBpm>
            <Value>86</Value>
          </HeartRateBpm>
          <Extensions>
            <TPX xmlns="https://www.garmin.com/xmlschemas/ActivityExtension/v2">
              <Watts>118</Watts>
            </TPX>
          </Extensions>
        </Trackpoint>
        <Trackpoint>
          <Time>2026-07-30T13:35:09Z</Time>
          <DistanceMeters>31.3</DistanceMeters>
          <Cadence>29</Cadence>
          <SensorState>Present</SensorState>
          <HeartRateBpm>
            <Value>87</Value>
          </HeartRateBpm>
          <Extensions>
            <TPX xmlns="https://www.garmin.com/xmlschemas/ActivityExtension/v2">
              <Watts>126</Watts>
            </TPX>
          </Extensions>
        </Trackpoint>
        <Trackpoint>
          <Time>2026-07-30T13:35:11Z</Time>
          <DistanceMeters>38.5</DistanceMeters>
          <Cadence>29</Cadence>
          <SensorState>Present</SensorState>
          <HeartRateBpm>
            <Value>89</Value>
          </HeartRateBpm>
          <Extensions>
            <TPX xmlns="https://www.garmin.com/xmlschemas/ActivityExtension/v2">
              <Watts>126</Watts>
            </TPX>
          </Extensions>
        </Trackpoint>
        <Trackpoint>
          <Time>2026-07-30T13:35:13Z</Time>
          <DistanceMeters>46.5</DistanceMeters>
          <Cadence>28</Cadence>
          <SensorState>Present</SensorState>
          <HeartRateBpm>
            <Value>90</Value>
          </HeartRateBpm>
          <Extensions>
            <TPX xmlns="https://www.garmin.com/xmlschemas/ActivityExtension/v2">
              <Watts>142</Watts>
            </TPX>
          </Extensions>
        </Trackpoint>
        <Trackpoint>
          <Time>2026-07-30T13:35:15Z</Time>
          <DistanceMeters>54.5</DistanceMeters>
          <Cadence>27</Cadence>
          <SensorState>Present</SensorState>
          <HeartRateBpm>
            <Value>92</Value>
          </HeartRateBpm>
          <Extensions>
            <TPX xmlns="https://www.garmin.com/xmlschemas/ActivityExtension/v2">
              <Watts>136</Watts>
            </TPX>
          </Extensions>
        </Trackpoint>
        <Trackpoint>
          <Time>2026-07-30T13:35:17Z</Time>
          <DistanceMeters>62.1</DistanceMeters>
          <Cadence>29</Cadence>
          <SensorState>Present</SensorState>
          <HeartRateBpm>
            <Value>95</Value>
          </HeartRateBpm>
          <Extensions>
            <TPX xmlns="https://www.garmin.com/xmlschemas/ActivityExtension/v2">
              <Watts>133</Watts>
            </TPX>
          </Extensions>
        </Trackpoint>
        <Trackpoint>
          <Time>2026-07-30T13:35:20Z</Time>
          <DistanceMeters>69.6</DistanceMeters>
          <Cadence>29</Cadence>
          <SensorState>Present</SensorState>
          <HeartRateBpm>
            <Value>98</Value>
          </HeartRateBpm>
          <Extensions>
            <TPX xmlns="https://www.garmin.com/xmlschemas/ActivityExtension/v2">
              <Watts>135</Watts>
            </TPX>
          </Extensions>
        </Trackpoint>
        <Trackpoint>
          <Time>2026-07-30T13:35:22Z</Time>
          <DistanceMeters>77.3</DistanceMeters>
          <Cadence>30</Cadence>
          <SensorState>Present</SensorState>
          <HeartRateBpm>
            <Value>99</Value>
          </HeartRateBpm>
          <Extensions>
            <TPX xmlns="https://www.garmin.com/xmlschemas/ActivityExtension/v2">
              <Watts>148</Watts>
            </TPX>
          </Extensions>
        </Trackpoint>
        <Trackpoint>
          <Time>2026-07-30T13:35:24Z</Time>
          <DistanceMeters>85.2</DistanceMeters>
          <Cadence>29</Cadence>
          <SensorState>Present</SensorState>
          <HeartRateBpm>
            <Value>100</Value>
          </HeartRateBpm>
          <Extensions>
            <TPX xmlns="https://www.garmin.com/xmlschemas/ActivityExtension/v2">
              <Watts>148</Watts>
            </TPX>
          </Extensions>
        </Trackpoint>
        <Trackpoint>
          <Time>2026-07-30T13:35:26Z</Time>
          <DistanceMeters>93</DistanceMeters>
          <Cadence>29</Cadence>
          <SensorState>Present</SensorState>
          <HeartRateBpm>
            <Value>100</Value>
          </HeartRateBpm>
          <Extensions>
            <TPX xmlns="https://www.garmin.com/xmlschemas/ActivityExtension/v2">
              <Watts>146</Watts>
            </TPX>
          </Extensions>
        </Trackpoint>
        <Trackpoint>
          <Time>2026-07-30T13:35:28Z</Time>
          <DistanceMeters>101</DistanceMeters>
          <Cadence>28</Cadence>
          <SensorState>Present</SensorState>
          <HeartRateBpm>
            <Value>101</Value>
          </HeartRateBpm>
          <Extensions>
            <TPX xmlns="https://www.garmin.com/xmlschemas/ActivityExtension/v2">
              <Watts>145</Watts>
            </TPX>
          </Extensions>
        </Trackpoint>
        <Trackpoint>
          <Time>2026-07-30T13:35:30Z</Time>
          <DistanceMeters>108.9</DistanceMeters>
          <Cadence>28</Cadence>
          <SensorState>Present</SensorState>
          <HeartRateBpm>
            <Value>101</Value>
          </HeartRateBpm>
          <Extensions>
            <TPX xmlns="https://www.garmin.com/xmlschemas/ActivityExtension/v2">
              <Watts>145</Watts>
            </TPX>
          </Extensions>
        </Trackpoint>
        <Trackpoint>
          <Time>2026-07-30T13:35:32Z</Time>
          <DistanceMeters>116.7</DistanceMeters>
          <Cadence>29</Cadence>
          <SensorState>Present</SensorState>
          <HeartRateBpm>
            <Value>102</Value>
          </HeartRateBpm>
          <Extensions>
            <TPX xmlns="https://www.garmin.com/xmlschemas/ActivityExtension/v2">
              <Watts>155</Watts>
            </TPX>
          </Extensions>
        </Trackpoint>
        <Trackpoint>
          <Time>2026-07-30T13:35:34Z</Time>
          <DistanceMeters>124.8</DistanceMeters>
          <Cadence>29</Cadence>
          <SensorState>Present</SensorState>
          <HeartRateBpm>
            <Value>102</Value>
          </HeartRateBpm>
          <Extensions>
            <TPX xmlns="https://www.garmin.com/xmlschemas/ActivityExtension/v2">
              <Watts>155</Watts>
            </TPX>
          </Extensions>
        </Trackpoint>
        <Trackpoint>
          <Time>2026-07-30T13:35:36Z</Time>
          <DistanceMeters>132.9</DistanceMeters>
          <Cadence>29</Cadence>
          <SensorState>Present</SensorState>
          <HeartRateBpm>
            <Value>104</Value>
          </HeartRateBpm>
          <Extensions>
            <TPX xmlns="https://www.garmin.com/xmlschemas/ActivityExtension/v2">
              <Watts>156</Watts>
            </TPX>
          </Extensions>
        </Trackpoint>
        <Trackpoint>
          <Time>2026-07-30T13:35:38Z</Time>
          <DistanceMeters>141</DistanceMeters>
          <Cadence>29</Cadence>
          <SensorState>Present</SensorState>
          <HeartRateBpm>
            <Value>105</Value>
          </HeartRateBpm>
          <Extensions>
            <TPX xmlns="https://www.garmin.com/xmlschemas/ActivityExtension/v2">
              <Watts>166</Watts>
            </TPX>
          </Extensions>
        </Trackpoint>
        <Trackpoint>
          <Time>2026-07-30T13:35:40Z</Time>
          <DistanceMeters>149.3</DistanceMeters>
          <Cadence>29</Cadence>
          <SensorState>Present</SensorState>
          <HeartRateBpm>
            <Value>106</Value>
          </HeartRateBpm>
          <Extensions>
            <TPX xmlns="https://www.garmin.com/xmlschemas/ActivityExtension/v2">
              <Watts>175</Watts>
            </TPX>
          </Extensions>
        </Trackpoint>
        <Trackpoint>
          <Time>2026-07-30T13:35:42Z</Time>
          <DistanceMeters>157.8</DistanceMeters>
          <Cadence>29</Cadence>
          <SensorState>Present</SensorState>
          <HeartRateBpm>
            <Value>107</Value>
          </HeartRateBpm>
          <Extensions>
            <TPX xmlns="https://www.garmin.com/xmlschemas/ActivityExtension/v2">
              <Watts>175</Watts>
            </TPX>
          </Extensions>
        </Trackpoint>
        <Trackpoint>
          <Time>2026-07-30T13:35:45Z</Time>
          <DistanceMeters>166.3</DistanceMeters>
          <Cadence>28</Cadence>
          <SensorState>Present</SensorState>
          <HeartRateBpm>
            <Value>109</Value>
          </HeartRateBpm>
          <Extensions>
            <TPX xmlns="https://www.garmin.com/xmlschemas/ActivityExtension/v2">
              <Watts>174</Watts>
            </TPX>
          </Extensions>
        </Trackpoint>
        <Trackpoint>
          <Time>2026-07-30T13:35:47Z</Time>
          <DistanceMeters>174.6</DistanceMeters>
          <Cadence>29</Cadence>
          <SensorState>Present</SensorState>
          <HeartRateBpm>
            <Value>109</Value>
          </HeartRateBpm>
          <Extensions>
            <TPX xmlns="https://www.garmin.com/xmlschemas/ActivityExtension/v2">
              <Watts>172</Watts>
            </TPX>
          </Extensions>
        </Trackpoint>
        <Trackpoint>
          <Time>2026-07-30T13:35:49Z</Time>
          <DistanceMeters>183</DistanceMeters>
          <Cadence>28</Cadence>
          <SensorState>Present</SensorState>
          <HeartRateBpm>
            <Value>112</Value>
          </HeartRateBpm>
          <Extensions>
            <TPX xmlns="https://www.garmin.com/xmlschemas/ActivityExtension/v2">
              <Watts>170</Watts>
            </TPX>
          </Extensions>
        </Trackpoint>
        <Trackpoint>
          <Time>2026-07-30T13:35:51Z</Time>
          <DistanceMeters>191.4</DistanceMeters>
          <Cadence>29</Cadence>
          <SensorState>Present</SensorState>
          <HeartRateBpm>
            <Value>114</Value>
          </HeartRateBpm>
          <Extensions>
            <TPX xmlns="https://www.garmin.com/xmlschemas/ActivityExtension/v2">
              <Watts>180</Watts>
            </TPX>
          </Extensions>
        </Trackpoint>
        <Trackpoint>
          <Time>2026-07-30T13:35:53Z</Time>
          <DistanceMeters>199.7</DistanceMeters>
          <Cadence>29</Cadence>
          <SensorState>Present</SensorState>
          <HeartRateBpm>
            <Value>116</Value>
          </HeartRateBpm>
          <Extensions>
            <TPX xmlns="https://www.garmin.com/xmlschemas/ActivityExtension/v2">
              <Watts>181</Watts>
            </TPX>
          </Extensions>
        </Trackpoint>
        <Trackpoint>
          <Time>2026-07-30T13:35:55Z</Time>
          <DistanceMeters>208.1</DistanceMeters>
          <Cadence>29</Cadence>
          <SensorState>Present</SensorState>
          <HeartRateBpm>
            <Value>119</Value>
          </HeartRateBpm>
          <Extensions>
            <TPX xmlns="https://www.garmin.com/xmlschemas/ActivityExtension/v2">
              <Watts>180</Watts>
            </TPX>
          </Extensions>
        </Trackpoint>
        <Trackpoint>
          <Time>2026-07-30T13:35:57Z</Time>
          <DistanceMeters>216.3</DistanceMeters>
          <Cadence>29</Cadence>
          <SensorState>Present</SensorState>
          <HeartRateBpm>
            <Value>122</Value>
          </HeartRateBpm>
          <Extensions>
            <TPX xmlns="https://www.garmin.com/xmlschemas/ActivityExtension/v2">
              <Watts>179</Watts>
            </TPX>
          </Extensions>
        </Trackpoint>
        <Trackpoint>
          <Time>2026-07-30T13:35:59Z</Time>
          <DistanceMeters>224.9</DistanceMeters>
          <Cadence>29</Cadence>
          <SensorState>Present</SensorState>
          <HeartRateBpm>
            <Value>125</Value>
          </HeartRateBpm>
          <Extensions>
            <TPX xmlns="https://www.garmin.com/xmlschemas/ActivityExtension/v2">
              <Watts>179</Watts>
            </TPX>
          </Extensions>
        </Trackpoint>
        <Trackpoint>
          <Time>2026-07-30T13:36:01Z</Time>
          <DistanceMeters>233.6</DistanceMeters>
          <Cadence>28</Cadence>
          <SensorState>Present</SensorState>
          <HeartRateBpm>
            <Value>127</Value>
          </HeartRateBpm>
          <Extensions>
            <TPX xmlns="https://www.garmin.com/xmlschemas/ActivityExtension/v2">
              <Watts>191</Watts>
            </TPX>
          </Extensions>
        </Trackpoint>
        <Trackpoint>
          <Time>2026-07-30T13:36:03Z</Time>
          <DistanceMeters>242.3</DistanceMeters>
          <Cadence>28</Cadence>
          <SensorState>Present</SensorState>
          <HeartRateBpm>
            <Value>129</Value>
          </HeartRateBpm>
          <Extensions>
            <TPX xmlns="https://www.garmin.com/xmlschemas/ActivityExtension/v2">
              <Watts>180</Watts>
            </TPX>
          </Extensions>
        </Trackpoint>
        <Trackpoint>
          <Time>2026-07-30T13:36:06Z</Time>
          <DistanceMeters>250.8</DistanceMeters>
          <Cadence>28</Cadence>
          <SensorState>Present</SensorState>
          <HeartRateBpm>
            <Value>131</Value>
          </HeartRateBpm>
          <Extensions>
            <TPX xmlns="https://www.garmin.com/xmlschemas/ActivityExtension/v2">
              <Watts>186</Watts>
            </TPX>
          </Extensions>
        </Trackpoint>
        <Trackpoint>
          <Time>2026-07-30T13:36:08Z</Time>
          <DistanceMeters>259.9</DistanceMeters>
          <Cadence>28</Cadence>
          <SensorState>Present</SensorState>
          <HeartRateBpm>
            <Value>133</Value>
          </HeartRateBpm>
          <Extensions>
            <TPX xmlns="https://www.garmin.com/xmlschemas/ActivityExtension/v2">
              <Watts>194</Watts>
            </TPX>
          </Extensions>
        </Trackpoint>
        <Trackpoint>
          <Time>2026-07-30T13:36:10Z</Time>
          <DistanceMeters>268.6</DistanceMeters>
          <Cadence>29</Cadence>
          <SensorState>Present</SensorState>
          <HeartRateBpm>
            <Value>133</Value>
          </HeartRateBpm>
          <Extensions>
            <TPX xmlns="https://www.garmin.com/xmlschemas/ActivityExtension/v2">
              <Watts>205</Watts>
            </TPX>
          </Extensions>
        </Trackpoint>
        <Trackpoint>
          <Time>2026-07-30T13:36:12Z</Time>
          <DistanceMeters>277.4</DistanceMeters>
          <Cadence>28</Cadence>
          <SensorState>Present</SensorState>
          <HeartRateBpm>
            <Value>133</Value>
          </HeartRateBpm>
          <Extensions>
            <TPX xmlns="https://www.garmin.com/xmlschemas/ActivityExtension/v2">
              <Watts>204</Watts>
            </TPX>
          </Extensions>
        </Trackpoint>
        <Trackpoint>
          <Time>2026-07-30T13:36:14Z</Time>
          <DistanceMeters>285.9</DistanceMeters>
          <Cadence>28</Cadence>
          <SensorState>Present</SensorState>
          <HeartRateBpm>
            <Value>134</Value>
          </HeartRateBpm>
          <Extensions>
            <TPX xmlns="https://www.garmin.com/xmlschemas/ActivityExtension/v2">
              <Watts>204</Watts>
            </TPX>
          </Extensions>
        </Trackpoint>
        <Trackpoint>
          <Time>2026-07-30T13:36:16Z</Time>
          <DistanceMeters>294.6</DistanceMeters>
          <Cadence>29</Cadence>
          <SensorState>Present</SensorState>
          <HeartRateBpm>
            <Value>134</Value>
          </HeartRateBpm>
          <Extensions>
            <TPX xmlns="https://www.garmin.com/xmlschemas/ActivityExtension/v2">
              <Watts>190</Watts>
            </TPX>
          </Extensions>
        </Trackpoint>
        <Trackpoint>
          <Time>2026-07-30T13:36:18Z</Time>
          <DistanceMeters>303.1</DistanceMeters>
          <Cadence>28</Cadence>
          <SensorState>Present</SensorState>
          <HeartRateBpm>
            <Value>134</Value>
          </HeartRateBpm>
          <Extensions>
            <TPX xmlns="https://www.garmin.com/xmlschemas/ActivityExtension/v2">
              <Watts>189</Watts>
            </TPX>
          </Extensions>
        </Trackpoint>
        <Trackpoint>
          <Time>2026-07-30T13:36:20Z</Time>
          <DistanceMeters>311.6</DistanceMeters>
          <Cadence>29</Cadence>
          <SensorState>Present</SensorState>
          <HeartRateBpm>
            <Value>135</Value>
          </HeartRateBpm>
          <Extensions>
            <TPX xmlns="https://www.garmin.com/xmlschemas/ActivityExtension/v2">
              <Watts>195</Watts>
            </TPX>
          </Extensions>
        </Trackpoint>
        <Trackpoint>
          <Time>2026-07-30T13:36:22Z</Time>
          <DistanceMeters>320.3</DistanceMeters>
          <Cadence>29</Cadence>
          <SensorState>Present</SensorState>
          <HeartRateBpm>
            <Value>137</Value>
          </HeartRateBpm>
          <Extensions>
            <TPX xmlns="https://www.garmin.com/xmlschemas/ActivityExtension/v2">
              <Watts>193</Watts>
            </TPX>
          </Extensions>
        </Trackpoint>
        <Trackpoint>
          <Time>2026-07-30T13:36:24Z</Time>
          <DistanceMeters>328.6</DistanceMeters>
          <Cadence>29</Cadence>
          <SensorState>Present</SensorState>
          <HeartRateBpm>
            <Value>137</Value>
          </HeartRateBpm>
          <Extensions>
            <TPX xmlns="https://www.garmin.com/xmlschemas/ActivityExtension/v2">
              <Watts>194</Watts>
            </TPX>
          </Extensions>
        </Trackpoint>
        <Trackpoint>
          <Time>2026-07-30T13:36:26Z</Time>
          <DistanceMeters>337</DistanceMeters>
          <Cadence>29</Cadence>
          <SensorState>Present</SensorState>
          <HeartRateBpm>
            <Value>137</Value>
          </HeartRateBpm>
          <Extensions>
            <TPX xmlns="https://www.garmin.com/xmlschemas/ActivityExtension/v2">
              <Watts>192</Watts>
            </TPX>
          </Extensions>
        </Trackpoint>
        <Trackpoint>
          <Time>2026-07-30T13:36:29Z</Time>
          <DistanceMeters>345.6</DistanceMeters>
          <Cadence>29</Cadence>
          <SensorState>Present</SensorState>
          <HeartRateBpm>
            <Value>136</Value>
          </HeartRateBpm>
          <Extensions>
            <TPX xmlns="https://www.garmin.com/xmlschemas/ActivityExtension/v2">
              <Watts>193</Watts>
            </TPX>
          </Extensions>
        </Trackpoint>
        <Trackpoint>
          <Time>2026-07-30T13:36:31Z</Time>
          <DistanceMeters>354</DistanceMeters>
          <Cadence>29</Cadence>
          <SensorState>Present</SensorState>
          <HeartRateBpm>
            <Value>136</Value>
          </HeartRateBpm>
          <Extensions>
            <TPX xmlns="https://www.garmin.com/xmlschemas/ActivityExtension/v2">
              <Watts>187</Watts>
            </TPX>
          </Extensions>
        </Trackpoint>
        <Trackpoint>
          <Time>2026-07-30T13:36:33Z</Time>
          <DistanceMeters>362.3</DistanceMeters>
          <Cadence>30</Cadence>
          <SensorState>Present</SensorState>
          <HeartRateBpm>
            <Value>135</Value>
          </HeartRateBpm>
          <Extensions>
            <TPX xmlns="https://www.garmin.com/xmlschemas/ActivityExtension/v2">
              <Watts>195</Watts>
            </TPX>
          </Extensions>
        </Trackpoint>
        <Trackpoint>
          <Time>2026-07-30T13:36:35Z</Time>
          <DistanceMeters>370.9</DistanceMeters>
          <Cadence>29</Cadence>
          <SensorState>Present</SensorState>
          <HeartRateBpm>
            <Value>135</Value>
          </HeartRateBpm>
          <Extensions>
            <TPX xmlns="https://www.garmin.com/xmlschemas/ActivityExtension/v2">
              <Watts>193</Watts>
            </TPX>
          </Extensions>
        </Trackpoint>
        <Trackpoint>
          <Time>2026-07-30T13:36:37Z</Time>
          <DistanceMeters>379</DistanceMeters>
          <Cadence>30</Cadence>
          <SensorState>Present</SensorState>
          <HeartRateBpm>
            <Value>137</Value>
          </HeartRateBpm>
          <Extensions>
            <TPX xmlns="https://www.garmin.com/xmlschemas/ActivityExtension/v2">
              <Watts>184</Watts>
            </TPX>
          </Extensions>
        </Trackpoint>
        <Trackpoint>
          <Time>2026-07-30T13:36:39Z</Time>
          <DistanceMeters>387.3</DistanceMeters>
          <Cadence>29</Cadence>
          <SensorState>Present</SensorState>
          <HeartRateBpm>
            <Value>139</Value>
          </HeartRateBpm>
          <Extensions>
            <TPX xmlns="https://www.garmin.com/xmlschemas/ActivityExtension/v2">
              <Watts>187</Watts>
            </TPX>
          </Extensions>
        </Trackpoint>
        <Trackpoint>
          <Time>2026-07-30T13:36:41Z</Time>
          <DistanceMeters>395.7</DistanceMeters>
          <Cadence>30</Cadence>
          <SensorState>Present</SensorState>
          <HeartRateBpm>
            <Value>143</Value>
          </HeartRateBpm>
          <Extensions>
            <TPX xmlns="https://www.garmin.com/xmlschemas/ActivityExtension/v2">
              <Watts>195</Watts>
            </TPX>
          </Extensions>
        </Trackpoint>
        <Trackpoint>
          <Time>2026-07-30T13:36:43Z</Time>
          <DistanceMeters>404.1</DistanceMeters>
          <Cadence>29</Cadence>
          <SensorState>Present</SensorState>
          <HeartRateBpm>
            <Value>145</Value>
          </HeartRateBpm>
          <Extensions>
            <TPX xmlns="https://www.garmin.com/xmlschemas/ActivityExtension/v2">
              <Watts>189</Watts>
            </TPX>
          </Extensions>
        </Trackpoint>
        <Trackpoint>
          <Time>2026-07-30T13:36:45Z</Time>
          <DistanceMeters>412.7</DistanceMeters>
          <Cadence>29</Cadence>
          <SensorState>Present</SensorState>
          <HeartRateBpm>
            <Value>145</Value>
          </HeartRateBpm>
          <Extensions>
            <TPX xmlns="https://www.garmin.com/xmlschemas/ActivityExtension/v2">
              <Watts>187</Watts>
            </TPX>
          </Extensions>
        </Trackpoint>
        <Trackpoint>
          <Time>2026-07-30T13:36:47Z</Time>
          <DistanceMeters>421.1</DistanceMeters>
          <Cadence>28</Cadence>
          <SensorState>Present</SensorState>
          <HeartRateBpm>
            <Value>145</Value>
          </HeartRateBpm>
          <Extensions>
            <TPX xmlns="https://www.garmin.com/xmlschemas/ActivityExtension/v2">
              <Watts>179</Watts>
            </TPX>
          </Extensions>
        </Trackpoint>
        <Trackpoint>
          <Time>2026-07-30T13:36:49Z</Time>
          <DistanceMeters>429.5</DistanceMeters>
          <Cadence>28</Cadence>
          <SensorState>Present</SensorState>
          <HeartRateBpm>
            <Value>145</Value>
          </HeartRateBpm>
          <Extensions>
            <TPX xmlns="https://www.garmin.com/xmlschemas/ActivityExtension/v2">
              <Watts>179</Watts>
            </TPX>
          </Extensions>
        </Trackpoint>
        <Trackpoint>
          <Time>2026-07-30T13:36:51Z</Time>
          <DistanceMeters>438.2</DistanceMeters>
          <Cadence>28</Cadence>
          <SensorState>Present</SensorState>
          <HeartRateBpm>
            <Value>144</Value>
          </HeartRateBpm>
          <Extensions>
            <TPX xmlns="https://www.garmin.com/xmlschemas/ActivityExtension/v2">
              <Watts>184</Watts>
            </TPX>
          </Extensions>
        </Trackpoint>
        <Trackpoint>
          <Time>2026-07-30T13:36:53Z</Time>
          <DistanceMeters>446.4</DistanceMeters>
          <Cadence>29</Cadence>
          <SensorState>Present</SensorState>
          <HeartRateBpm>
            <Value>142</Value>
          </HeartRateBpm>
          <Extensions>
            <TPX xmlns="https://www.garmin.com/xmlschemas/ActivityExtension/v2">
              <Watts>184</Watts>
            </TPX>
          </Extensions>
        </Trackpoint>
        <Trackpoint>
          <Time>2026-07-30T13:36:55Z</Time>
          <DistanceMeters>455.2</DistanceMeters>
          <Cadence>28</Cadence>
          <SensorState>Present</SensorState>
          <HeartRateBpm>
            <Value>140</Value>
          </HeartRateBpm>
          <Extensions>
            <TPX xmlns="https://www.garmin.com/xmlschemas/ActivityExtension/v2">
              <Watts>184</Watts>
            </TPX>
          </Extensions>
        </Trackpoint>
        <Trackpoint>
          <Time>2026-07-30T13:36:58Z</Time>
          <DistanceMeters>463.9</DistanceMeters>
          <Cadence>28</Cadence>
          <SensorState>Present</SensorState>
          <HeartRateBpm>
            <Value>139</Value>
          </HeartRateBpm>
          <Extensions>
            <TPX xmlns="https://www.garmin.com/xmlschemas/ActivityExtension/v2">
              <Watts>184</Watts>
            </TPX>
          </Extensions>
        </Trackpoint>
        <Trackpoint>
          <Time>2026-07-30T13:37:00Z</Time>
          <DistanceMeters>472</DistanceMeters>
          <Cadence>29</Cadence>
          <SensorState>Present</SensorState>
          <HeartRateBpm>
            <Value>139</Value>
          </HeartRateBpm>
          <Extensions>
            <TPX xmlns="https://www.garmin.com/xmlschemas/ActivityExtension/v2">
              <Watts>178</Watts>
            </TPX>
          </Extensions>
        </Trackpoint>
        <Trackpoint>
          <Time>2026-07-30T13:37:02Z</Time>
          <DistanceMeters>480.5</DistanceMeters>
          <Cadence>28</Cadence>
          <SensorState>Present</SensorState>
          <HeartRateBpm>
            <Value>138</Value>
          </HeartRateBpm>
          <Extensions>
            <TPX xmlns="https://www.garmin.com/xmlschemas/ActivityExtension/v2">
              <Watts>183</Watts>
            </TPX>
          </Extensions>
        </Trackpoint>
        <Trackpoint>
          <Time>2026-07-30T13:37:04Z</Time>
          <DistanceMeters>489.3</DistanceMeters>
          <Cadence>28</Cadence>
          <SensorState>Present</SensorState>
          <HeartRateBpm>
            <Value>137</Value>
          </HeartRateBpm>
          <Extensions>
            <TPX xmlns="https://www.garmin.com/xmlschemas/ActivityExtension/v2">
              <Watts>183</Watts>
            </TPX>
          </Extensions>
        </Trackpoint>
        <Trackpoint>
          <Time>2026-07-30T13:37:06Z</Time>
          <DistanceMeters>497.5</DistanceMeters>
          <Cadence>28</Cadence>
          <SensorState>Present</SensorState>
          <HeartRateBpm>
            <Value>137</Value>
          </HeartRateBpm>
          <Extensions>
            <TPX xmlns="https://www.garmin.com/xmlschemas/ActivityExtension/v2">
              <Watts>182</Watts>
            </TPX>
          </Extensions>
        </Trackpoint>
        <Trackpoint>
          <Time>2026-07-30T13:37:08Z</Time>
          <DistanceMeters>506</DistanceMeters>
          <Cadence>29</Cadence>
          <SensorState>Present</SensorState>
          <HeartRateBpm>
            <Value>136</Value>
          </HeartRateBpm>
          <Extensions>
            <TPX xmlns="https://www.garmin.com/xmlschemas/ActivityExtension/v2">
              <Watts>181</Watts>
            </TPX>
          </Extensions>
        </Trackpoint>
        <Trackpoint>
          <Time>2026-07-30T13:37:10Z</Time>
          <DistanceMeters>514.6</DistanceMeters>
          <Cadence>28</Cadence>
          <SensorState>Present</SensorState>
          <HeartRateBpm>
            <Value>135</Value>
          </HeartRateBpm>
          <Extensions>
            <TPX xmlns="https://www.garmin.com/xmlschemas/ActivityExtension/v2">
              <Watts>181</Watts>
            </TPX>
          </Extensions>
        </Trackpoint>
        <Trackpoint>
          <Time>2026-07-30T13:37:12Z</Time>
          <DistanceMeters>523</DistanceMeters>
          <Cadence>28</Cadence>
          <SensorState>Present</SensorState>
          <HeartRateBpm>
            <Value>134</Value>
          </HeartRateBpm>
          <Extensions>
            <TPX xmlns="https://www.garmin.com/xmlschemas/ActivityExtension/v2">
              <Watts>178</Watts>
            </TPX>
          </Extensions>
        </Trackpoint>
        <Trackpoint>
          <Time>2026-07-30T13:37:14Z</Time>
          <DistanceMeters>531.5</DistanceMeters>
          <Cadence>29</Cadence>
          <SensorState>Present</SensorState>
          <HeartRateBpm>
            <Value>133</Value>
          </HeartRateBpm>
          <Extensions>
            <TPX xmlns="https://www.garmin.com/xmlschemas/ActivityExtension/v2">
              <Watts>180</Watts>
            </TPX>
          </Extensions>
        </Trackpoint>
        <Trackpoint>
          <Time>2026-07-30T13:37:17Z</Time>
          <DistanceMeters>540.4</DistanceMeters>
          <Cadence>27</Cadence>
          <SensorState>Present</SensorState>
          <HeartRateBpm>
            <Value>133</Value>
          </HeartRateBpm>
          <Extensions>
            <TPX xmlns="https://www.garmin.com/xmlschemas/ActivityExtension/v2">
              <Watts>173</Watts>
            </TPX>
          </Extensions>
        </Trackpoint>
        <Trackpoint>
          <Time>2026-07-30T13:37:19Z</Time>
          <DistanceMeters>548.7</DistanceMeters>
          <Cadence>27</Cadence>
          <SensorState>Present</SensorState>
          <HeartRateBpm>
            <Value>135</Value>
          </HeartRateBpm>
          <Extensions>
            <TPX xmlns="https://www.garmin.com/xmlschemas/ActivityExtension/v2">
              <Watts>173</Watts>
            </TPX>
          </Extensions>
        </Trackpoint>
        <Trackpoint>
          <Time>2026-07-30T13:37:21Z</Time>
          <DistanceMeters>557.4</DistanceMeters>
          <Cadence>28</Cadence>
          <SensorState>Present</SensorState>
          <HeartRateBpm>
            <Value>136</Value>
          </HeartRateBpm>
          <Extensions>
            <TPX xmlns="https://www.garmin.com/xmlschemas/ActivityExtension/v2">
              <Watts>178</Watts>
            </TPX>
          </Extensions>
        </Trackpoint>
        <Trackpoint>
          <Time>2026-07-30T13:37:23Z</Time>
          <DistanceMeters>566</DistanceMeters>
          <Cadence>28</Cadence>
          <SensorState>Present</SensorState>
          <HeartRateBpm>
            <Value>138</Value>
          </HeartRateBpm>
          <Extensions>
            <TPX xmlns="https://www.garmin.com/xmlschemas/ActivityExtension/v2">
              <Watts>185</Watts>
            </TPX>
          </Extensions>
        </Trackpoint>
        <Trackpoint>
          <Time>2026-07-30T13:37:25Z</Time>
          <DistanceMeters>574.8</DistanceMeters>
          <Cadence>28</Cadence>
          <SensorState>Present</SensorState>
          <HeartRateBpm>
            <Value>139</Value>
          </HeartRateBpm>
          <Extensions>
            <TPX xmlns="https://www.garmin.com/xmlschemas/ActivityExtension/v2">
              <Watts>185</Watts>
            </TPX>
          </Extensions>
        </Trackpoint>
        <Trackpoint>
          <Time>2026-07-30T13:37:27Z</Time>
          <DistanceMeters>583.5</DistanceMeters>
          <Cadence>28</Cadence>
          <SensorState>Present</SensorState>
          <HeartRateBpm>
            <Value>140</Value>
          </HeartRateBpm>
          <Extensions>
            <TPX xmlns="https://www.garmin.com/xmlschemas/ActivityExtension/v2">
              <Watts>179</Watts>
            </TPX>
          </Extensions>
        </Trackpoint>
        <Trackpoint>
          <Time>2026-07-30T13:37:30Z</Time>
          <DistanceMeters>592.1</DistanceMeters>
          <Cadence>28</Cadence>
          <SensorState>Present</SensorState>
          <HeartRateBpm>
            <Value>141</Value>
          </HeartRateBpm>
          <Extensions>
            <TPX xmlns="https://www.garmin.com/xmlschemas/ActivityExtension/v2">
              <Watts>179</Watts>
            </TPX>
          </Extensions>
        </Trackpoint>
        <Trackpoint>
          <Time>2026-07-30T13:37:32Z</Time>
          <DistanceMeters>600.7</DistanceMeters>
          <Cadence>28</Cadence>
          <SensorState>Present</SensorState>
          <HeartRateBpm>
            <Value>141</Value>
          </HeartRateBpm>
          <Extensions>
            <TPX xmlns="https://www.garmin.com/xmlschemas/ActivityExtension/v2">
              <Watts>170</Watts>
            </TPX>
          </Extensions>
        </Trackpoint>
        <Trackpoint>
          <Time>2026-07-30T13:37:34Z</Time>
          <DistanceMeters>609.4</DistanceMeters>
          <Cadence>27</Cadence>
          <SensorState>Present</SensorState>
          <HeartRateBpm>
            <Value>141</Value>
          </HeartRateBpm>
          <Extensions>
            <TPX xmlns="https://www.garmin.com/xmlschemas/ActivityExtension/v2">
              <Watts>165</Watts>
            </TPX>
          </Extensions>
        </Trackpoint>
        <Trackpoint>
          <Time>2026-07-30T13:37:36Z</Time>
          <DistanceMeters>617.5</DistanceMeters>
          <Cadence>29</Cadence>
          <SensorState>Present</SensorState>
          <HeartRateBpm>
            <Value>141</Value>
          </HeartRateBpm>
          <Extensions>
            <TPX xmlns="https://www.garmin.com/xmlschemas/ActivityExtension/v2">
              <Watts>173</Watts>
            </TPX>
          </Extensions>
        </Trackpoint>
        <Trackpoint>
          <Time>2026-07-30T13:37:38Z</Time>
          <DistanceMeters>626.3</DistanceMeters>
          <Cadence>29</Cadence>
          <SensorState>Present</SensorState>
          <HeartRateBpm>
            <Value>139</Value>
          </HeartRateBpm>
          <Extensions>
            <TPX xmlns="https://www.garmin.com/xmlschemas/ActivityExtension/v2">
              <Watts>173</Watts>
            </TPX>
          </Extensions>
        </Trackpoint>
        <Trackpoint>
          <Time>2026-07-30T13:37:40Z</Time>
          <DistanceMeters>634.9</DistanceMeters>
          <Cadence>28</Cadence>
          <SensorState>Present</SensorState>
          <HeartRateBpm>
            <Value>140</Value>
          </HeartRateBpm>
          <Extensions>
            <TPX xmlns="https://www.garmin.com/xmlschemas/ActivityExtension/v2">
              <Watts>189</Watts>
            </TPX>
          </Extensions>
        </Trackpoint>
        <Trackpoint>
          <Time>2026-07-30T13:37:42Z</Time>
          <DistanceMeters>643.4</DistanceMeters>
          <Cadence>28</Cadence>
          <SensorState>Present</SensorState>
          <HeartRateBpm>
            <Value>140</Value>
          </HeartRateBpm>
          <Extensions>
            <TPX xmlns="https://www.garmin.com/xmlschemas/ActivityExtension/v2">
              <Watts>185</Watts>
            </TPX>
          </Extensions>
        </Trackpoint>
        <Trackpoint>
          <Time>2026-07-30T13:37:45Z</Time>
          <DistanceMeters>651.9</DistanceMeters>
          <Cadence>28</Cadence>
          <SensorState>Present</SensorState>
          <HeartRateBpm>
            <Value>140</Value>
          </HeartRateBpm>
          <Extensions>
            <TPX xmlns="https://www.garmin.com/xmlschemas/ActivityExtension/v2">
              <Watts>175</Watts>
            </TPX>
          </Extensions>
        </Trackpoint>
        <Trackpoint>
          <Time>2026-07-30T13:37:47Z</Time>
          <DistanceMeters>660.3</DistanceMeters>
          <Cadence>28</Cadence>
          <SensorState>Present</SensorState>
          <HeartRateBpm>
            <Value>141</Value>
          </HeartRateBpm>
          <Extensions>
            <TPX xmlns="https://www.garmin.com/xmlschemas/ActivityExtension/v2">
              <Watts>175</Watts>
            </TPX>
          </Extensions>
        </Trackpoint>
        <Trackpoint>
          <Time>2026-07-30T13:37:49Z</Time>
          <DistanceMeters>668.9</DistanceMeters>
          <Cadence>28</Cadence>
          <SensorState>Present</SensorState>
          <HeartRateBpm>
            <Value>141</Value>
          </HeartRateBpm>
          <Extensions>
            <TPX xmlns="https://www.garmin.com/xmlschemas/ActivityExtension/v2">
              <Watts>170</Watts>
            </TPX>
          </Extensions>
        </Trackpoint>
        <Trackpoint>
          <Time>2026-07-30T13:37:51Z</Time>
          <DistanceMeters>677.7</DistanceMeters>
          <Cadence>29</Cadence>
          <SensorState>Present</SensorState>
          <HeartRateBpm>
            <Value>140</Value>
          </HeartRateBpm>
          <Extensions>
            <TPX xmlns="https://www.garmin.com/xmlschemas/ActivityExtension/v2">
              <Watts>185</Watts>
            </TPX>
          </Extensions>
        </Trackpoint>
        <Trackpoint>
          <Time>2026-07-30T13:37:53Z</Time>
          <DistanceMeters>686.2</DistanceMeters>
          <Cadence>29</Cadence>
          <SensorState>Present</SensorState>
          <HeartRateBpm>
            <Value>140</Value>
          </HeartRateBpm>
          <Extensions>
            <TPX xmlns="https://www.garmin.com/xmlschemas/ActivityExtension/v2">
              <Watts>191</Watts>
            </TPX>
          </Extensions>
        </Trackpoint>
        <Trackpoint>
          <Time>2026-07-30T13:37:55Z</Time>
          <DistanceMeters>694.7</DistanceMeters>
          <Cadence>29</Cadence>
          <SensorState>Present</SensorState>
          <HeartRateBpm>
            <Value>141</Value>
          </HeartRateBpm>
          <Extensions>
            <TPX xmlns="https://www.garmin.com/xmlschemas/ActivityExtension/v2">
              <Watts>191</Watts>
            </TPX>
          </Extensions>
        </Trackpoint>
        <Trackpoint>
          <Time>2026-07-30T13:37:57Z</Time>
          <DistanceMeters>703.2</DistanceMeters>
          <Cadence>29</Cadence>
          <SensorState>Present</SensorState>
          <HeartRateBpm>
            <Value>141</Value>
          </HeartRateBpm>
          <Extensions>
            <TPX xmlns="https://www.garmin.com/xmlschemas/ActivityExtension/v2">
              <Watts>190</Watts>
            </TPX>
          </Extensions>
        </Trackpoint>
        <Trackpoint>
          <Time>2026-07-30T13:37:59Z</Time>
          <DistanceMeters>711.7</DistanceMeters>
          <Cadence>29</Cadence>
          <SensorState>Present</SensorState>
          <HeartRateBpm>
            <Value>142</Value>
          </HeartRateBpm>
          <Extensions>
            <TPX xmlns="https://www.garmin.com/xmlschemas/ActivityExtension/v2">
              <Watts>194</Watts>
            </TPX>
          </Extensions>
        </Trackpoint>
        <Trackpoint>
          <Time>2026-07-30T13:38:01Z</Time>
          <DistanceMeters>720.5</DistanceMeters>
          <Cadence>28</Cadence>
          <SensorState>Present</SensorState>
          <HeartRateBpm>
            <Value>142</Value>
          </HeartRateBpm>
          <Extensions>
            <TPX xmlns="https://www.garmin.com/xmlschemas/ActivityExtension/v2">
              <Watts>184</Watts>
            </TPX>
          </Extensions>
        </Trackpoint>
        <Trackpoint>
          <Time>2026-07-30T13:38:03Z</Time>
          <DistanceMeters>728.9</DistanceMeters>
          <Cadence>28</Cadence>
          <SensorState>Present</SensorState>
          <HeartRateBpm>
            <Value>143</Value>
          </HeartRateBpm>
          <Extensions>
            <TPX xmlns="https://www.garmin.com/xmlschemas/ActivityExtension/v2">
              <Watts>175</Watts>
            </TPX>
          </Extensions>
        </Trackpoint>
        <Trackpoint>
          <Time>2026-07-30T13:38:05Z</Time>
          <DistanceMeters>737</DistanceMeters>
          <Cadence>29</Cadence>
          <SensorState>Present</SensorState>
          <HeartRateBpm>
            <Value>143</Value>
          </HeartRateBpm>
          <Extensions>
            <TPX xmlns="https://www.garmin.com/xmlschemas/ActivityExtension/v2">
              <Watts>175</Watts>
            </TPX>
          </Extensions>
        </Trackpoint>
        <Trackpoint>
          <Time>2026-07-30T13:38:08Z</Time>
          <DistanceMeters>745.5</DistanceMeters>
          <Cadence>29</Cadence>
          <SensorState>Present</SensorState>
          <HeartRateBpm>
            <Value>143</Value>
          </HeartRateBpm>
          <Extensions>
            <TPX xmlns="https://www.garmin.com/xmlschemas/ActivityExtension/v2">
              <Watts>180</Watts>
            </TPX>
          </Extensions>
        </Trackpoint>
        <Trackpoint>
          <Time>2026-07-30T13:38:10Z</Time>
          <DistanceMeters>753.8</DistanceMeters>
          <Cadence>29</Cadence>
          <SensorState>Present</SensorState>
          <HeartRateBpm>
            <Value>143</Value>
          </HeartRateBpm>
          <Extensions>
            <TPX xmlns="https://www.garmin.com/xmlschemas/ActivityExtension/v2">
              <Watts>180</Watts>
            </TPX>
          </Extensions>
        </Trackpoint>
        <Trackpoint>
          <Time>2026-07-30T13:38:12Z</Time>
          <DistanceMeters>762</DistanceMeters>
          <Cadence>29</Cadence>
          <SensorState>Present</SensorState>
          <HeartRateBpm>
            <Value>143</Value>
          </HeartRateBpm>
          <Extensions>
            <TPX xmlns="https://www.garmin.com/xmlschemas/ActivityExtension/v2">
              <Watts>174</Watts>
            </TPX>
          </Extensions>
        </Trackpoint>
        <Trackpoint>
          <Time>2026-07-30T13:38:14Z</Time>
          <DistanceMeters>770</DistanceMeters>
          <Cadence>29</Cadence>
          <SensorState>Present</SensorState>
          <HeartRateBpm>
            <Value>144</Value>
          </HeartRateBpm>
          <Extensions>
            <TPX xmlns="https://www.garmin.com/xmlschemas/ActivityExtension/v2">
              <Watts>175</Watts>
            </TPX>
          </Extensions>
        </Trackpoint>
        <Trackpoint>
          <Time>2026-07-30T13:38:16Z</Time>
          <DistanceMeters>778.3</DistanceMeters>
          <Cadence>29</Cadence>
          <SensorState>Present</SensorState>
          <HeartRateBpm>
            <Value>144</Value>
          </HeartRateBpm>
          <Extensions>
            <TPX xmlns="https://www.garmin.com/xmlschemas/ActivityExtension/v2">
              <Watts>172</Watts>
            </TPX>
          </Extensions>
        </Trackpoint>
        <Trackpoint>
          <Time>2026-07-30T13:38:18Z</Time>
          <DistanceMeters>786.5</DistanceMeters>
          <Cadence>29</Cadence>
          <SensorState>Present</SensorState>
          <HeartRateBpm>
            <Value>144</Value>
          </HeartRateBpm>
          <Extensions>
            <TPX xmlns="https://www.garmin.com/xmlschemas/ActivityExtension/v2">
              <Watts>167</Watts>
            </TPX>
          </Extensions>
        </Trackpoint>
        <Trackpoint>
          <Time>2026-07-30T13:38:20Z</Time>
          <DistanceMeters>794.6</DistanceMeters>
          <Cadence>29</Cadence>
          <SensorState>Present</SensorState>
          <HeartRateBpm>
            <Value>144</Value>
          </HeartRateBpm>
          <Extensions>
            <TPX xmlns="https://www.garmin.com/xmlschemas/ActivityExtension/v2">
              <Watts>167</Watts>
            </TPX>
          </Extensions>
        </Trackpoint>
        <Trackpoint>
          <Time>2026-07-30T13:38:22Z</Time>
          <DistanceMeters>802.8</DistanceMeters>
          <Cadence>29</Cadence>
          <SensorState>Present</SensorState>
          <HeartRateBpm>
            <Value>145</Value>
          </HeartRateBpm>
          <Extensions>
            <TPX xmlns="https://www.garmin.com/xmlschemas/ActivityExtension/v2">
              <Watts>171</Watts>
            </TPX>
          </Extensions>
        </Trackpoint>
        <Trackpoint>
          <Time>2026-07-30T13:38:24Z</Time>
          <DistanceMeters>811.2</DistanceMeters>
          <Cadence>29</Cadence>
          <SensorState>Present</SensorState>
          <HeartRateBpm>
            <Value>145</Value>
          </HeartRateBpm>
          <Extensions>
            <TPX xmlns="https://www.garmin.com/xmlschemas/ActivityExtension/v2">
              <Watts>176</Watts>
            </TPX>
          </Extensions>
        </Trackpoint>
        <Trackpoint>
          <Time>2026-07-30T13:38:26Z</Time>
          <DistanceMeters>819.3</DistanceMeters>
          <Cadence>28</Cadence>
          <SensorState>Present</SensorState>
          <HeartRateBpm>
            <Value>145</Value>
          </HeartRateBpm>
          <Extensions>
            <TPX xmlns="https://www.garmin.com/xmlschemas/ActivityExtension/v2">
              <Watts>176</Watts>
            </TPX>
          </Extensions>
        </Trackpoint>
        <Trackpoint>
          <Time>2026-07-30T13:38:28Z</Time>
          <DistanceMeters>827.7</DistanceMeters>
          <Cadence>28</Cadence>
          <SensorState>Present</SensorState>
          <HeartRateBpm>
            <Value>147</Value>
          </HeartRateBpm>
          <Extensions>
            <TPX xmlns="https://www.garmin.com/xmlschemas/ActivityExtension/v2">
              <Watts>171</Watts>
            </TPX>
          </Extensions>
        </Trackpoint>
        <Trackpoint>
          <Time>2026-07-30T13:38:31Z</Time>
          <DistanceMeters>836.3</DistanceMeters>
          <Cadence>28</Cadence>
          <SensorState>Present</SensorState>
          <HeartRateBpm>
            <Value>147</Value>
          </HeartRateBpm>
          <Extensions>
            <TPX xmlns="https://www.garmin.com/xmlschemas/ActivityExtension/v2">
              <Watts>172</Watts>
            </TPX>
          </Extensions>
        </Trackpoint>
        <Trackpoint>
          <Time>2026-07-30T13:38:33Z</Time>
          <DistanceMeters>844.8</DistanceMeters>
          <Cadence>29</Cadence>
          <SensorState>Present</SensorState>
          <HeartRateBpm>
            <Value>148</Value>
          </HeartRateBpm>
          <Extensions>
            <TPX xmlns="https://www.garmin.com/xmlschemas/ActivityExtension/v2">
              <Watts>189</Watts>
            </TPX>
          </Extensions>
        </Trackpoint>
        <Trackpoint>
          <Time>2026-07-30T13:38:35Z</Time>
          <DistanceMeters>853.2</DistanceMeters>
          <Cadence>29</Cadence>
          <SensorState>Present</SensorState>
          <HeartRateBpm>
            <Value>148</Value>
          </HeartRateBpm>
          <Extensions>
            <TPX xmlns="https://www.garmin.com/xmlschemas/ActivityExtension/v2">
              <Watts>186</Watts>
            </TPX>
          </Extensions>
        </Trackpoint>
        <Trackpoint>
          <Time>2026-07-30T13:38:37Z</Time>
          <DistanceMeters>861.6</DistanceMeters>
          <Cadence>29</Cadence>
          <SensorState>Present</SensorState>
          <HeartRateBpm>
            <Value>148</Value>
          </HeartRateBpm>
          <Extensions>
            <TPX xmlns="https://www.garmin.com/xmlschemas/ActivityExtension/v2">
              <Watts>180</Watts>
            </TPX>
          </Extensions>
        </Trackpoint>
        <Trackpoint>
          <Time>2026-07-30T13:38:39Z</Time>
          <DistanceMeters>870.4</DistanceMeters>
          <Cadence>29</Cadence>
          <SensorState>Present</SensorState>
          <HeartRateBpm>
            <Value>148</Value>
          </HeartRateBpm>
          <Extensions>
            <TPX xmlns="https://www.garmin.com/xmlschemas/ActivityExtension/v2">
              <Watts>209</Watts>
            </TPX>
          </Extensions>
        </Trackpoint>
        <Trackpoint>
          <Time>2026-07-30T13:38:41Z</Time>
          <DistanceMeters>879.5</DistanceMeters>
          <Cadence>29</Cadence>
          <SensorState>Present</SensorState>
          <HeartRateBpm>
            <Value>148</Value>
          </HeartRateBpm>
          <Extensions>
            <TPX xmlns="https://www.garmin.com/xmlschemas/ActivityExtension/v2">
              <Watts>209</Watts>
            </TPX>
          </Extensions>
        </Trackpoint>
        <Trackpoint>
          <Time>2026-07-30T13:38:43Z</Time>
          <DistanceMeters>888.5</DistanceMeters>
          <Cadence>28</Cadence>
          <SensorState>Present</SensorState>
          <HeartRateBpm>
            <Value>148</Value>
          </HeartRateBpm>
          <Extensions>
            <TPX xmlns="https://www.garmin.com/xmlschemas/ActivityExtension/v2">
              <Watts>203</Watts>
            </TPX>
          </Extensions>
        </Trackpoint>
        <Trackpoint>
          <Time>2026-07-30T13:38:45Z</Time>
          <DistanceMeters>896.8</DistanceMeters>
          <Cadence>28</Cadence>
          <SensorState>Present</SensorState>
          <HeartRateBpm>
            <Value>148</Value>
          </HeartRateBpm>
          <Extensions>
            <TPX xmlns="https://www.garmin.com/xmlschemas/ActivityExtension/v2">
              <Watts>203</Watts>
            </TPX>
          </Extensions>
        </Trackpoint>
        <Trackpoint>
          <Time>2026-07-30T13:38:47Z</Time>
          <DistanceMeters>905.5</DistanceMeters>
          <Cadence>28</Cadence>
          <SensorState>Present</SensorState>
          <HeartRateBpm>
            <Value>147</Value>
          </HeartRateBpm>
          <Extensions>
            <TPX xmlns="https://www.garmin.com/xmlschemas/ActivityExtension/v2">
              <Watts>181</Watts>
            </TPX>
          </Extensions>
        </Trackpoint>
        <Trackpoint>
          <Time>2026-07-30T13:38:49Z</Time>
          <DistanceMeters>913.9</DistanceMeters>
          <Cadence>29</Cadence>
          <SensorState>Present</SensorState>
          <HeartRateBpm>
            <Value>147</Value>
          </HeartRateBpm>
          <Extensions>
            <TPX xmlns="https://www.garmin.com/xmlschemas/ActivityExtension/v2">
              <Watts>182</Watts>
            </TPX>
          </Extensions>
        </Trackpoint>
        <Trackpoint>
          <Time>2026-07-30T13:38:52Z</Time>
          <DistanceMeters>922.5</DistanceMeters>
          <Cadence>28</Cadence>
          <SensorState>Present</SensorState>
          <HeartRateBpm>
            <Value>146</Value>
          </HeartRateBpm>
          <Extensions>
            <TPX xmlns="https://www.garmin.com/xmlschemas/ActivityExtension/v2">
              <Watts>176</Watts>
            </TPX>
          </Extensions>
        </Trackpoint>
        <Trackpoint>
          <Time>2026-07-30T13:38:54Z</Time>
          <DistanceMeters>931</DistanceMeters>
          <Cadence>28</Cadence>
          <SensorState>Present</SensorState>
          <HeartRateBpm>
            <Value>147</Value>
          </HeartRateBpm>
          <Extensions>
            <TPX xmlns="https://www.garmin.com/xmlschemas/ActivityExtension/v2">
              <Watts>175</Watts>
            </TPX>
          </Extensions>
        </Trackpoint>
        <Trackpoint>
          <Time>2026-07-30T13:38:56Z</Time>
          <DistanceMeters>939.1</DistanceMeters>
          <Cadence>29</Cadence>
          <SensorState>Present</SensorState>
          <HeartRateBpm>
            <Value>148</Value>
          </HeartRateBpm>
          <Extensions>
            <TPX xmlns="https://www.garmin.com/xmlschemas/ActivityExtension/v2">
              <Watts>165</Watts>
            </TPX>
          </Extensions>
        </Trackpoint>
        <Trackpoint>
          <Time>2026-07-30T13:38:58Z</Time>
          <DistanceMeters>947.3</DistanceMeters>
          <Cadence>29</Cadence>
          <SensorState>Present</SensorState>
          <HeartRateBpm>
            <Value>148</Value>
          </HeartRateBpm>
          <Extensions>
            <TPX xmlns="https://www.garmin.com/xmlschemas/ActivityExtension/v2">
              <Watts>165</Watts>
            </TPX>
          </Extensions>
        </Trackpoint>
      </Track>
    </Lap>
    <Lap StartTime="2026-07-30T13:39:00Z ">
      <TotalTimeSeconds>180</TotalTimeSeconds>
      <DistanceMeters>567</DistanceMeters>
      <MaximumSpeed>3.91</MaximumSpeed>
      <Calories>30</Calories>
      <Intensity>Resting</Intensity>
      <TriggerMethod>Manual</TriggerMethod>
      <Track>
        <Trackpoint>
          <Time>2026-07-30T13:39:02Z</Time>
          <DistanceMeters>8.1</DistanceMeters>
          <Cadence>29</Cadence>
          <SensorState>Present</SensorState>
          <HeartRateBpm>
            <Value>148</Value>
          </HeartRateBpm>
          <Extensions>
            <TPX xmlns="https://www.garmin.com/xmlschemas/ActivityExtension/v2">
              <Watts>162</Watts>
            </TPX>
          </Extensions>
        </Trackpoint>
        <Trackpoint>
          <Time>2026-07-30T13:39:04Z</Time>
          <DistanceMeters>16.6</DistanceMeters>
          <Cadence>29</Cadence>
          <SensorState>Present</SensorState>
          <HeartRateBpm>
            <Value>149</Value>
          </HeartRateBpm>
          <Extensions>
            <TPX xmlns="https://www.garmin.com/xmlschemas/ActivityExtension/v2">
              <Watts>167</Watts>
            </TPX>
          </Extensions>
        </Trackpoint>
        <Trackpoint>
          <Time>2026-07-30T13:39:06Z</Time>
          <DistanceMeters>25</DistanceMeters>
          <Cadence>29</Cadence>
          <SensorState>Present</SensorState>
          <HeartRateBpm>
            <Value>150</Value>
          </HeartRateBpm>
          <Extensions>
            <TPX xmlns="https://www.garmin.com/xmlschemas/ActivityExtension/v2">
              <Watts>161</Watts>
            </TPX>
          </Extensions>
        </Trackpoint>
        <Trackpoint>
          <Time>2026-07-30T13:39:08Z</Time>
          <DistanceMeters>32.8</DistanceMeters>
          <Cadence>29</Cadence>
          <SensorState>Present</SensorState>
          <HeartRateBpm>
            <Value>150</Value>
          </HeartRateBpm>
          <Extensions>
            <TPX xmlns="https://www.garmin.com/xmlschemas/ActivityExtension/v2">
              <Watts>103</Watts>
            </TPX>
          </Extensions>
        </Trackpoint>
        <Trackpoint>
          <Time>2026-07-30T13:39:11Z</Time>
          <DistanceMeters>40.3</DistanceMeters>
          <Cadence>29</Cadence>
          <SensorState>Present</SensorState>
          <HeartRateBpm>
            <Value>150</Value>
          </HeartRateBpm>
          <Extensions>
            <TPX xmlns="https://www.garmin.com/xmlschemas/ActivityExtension/v2">
              <Watts>77</Watts>
            </TPX>
          </Extensions>
        </Trackpoint>
        <Trackpoint>
          <Time>2026-07-30T13:39:13Z</Time>
          <DistanceMeters>47.7</DistanceMeters>
          <Cadence>29</Cadence>
          <SensorState>Present</SensorState>
          <HeartRateBpm>
            <Value>151</Value>
          </HeartRateBpm>
          <Extensions>
            <TPX xmlns="https://www.garmin.com/xmlschemas/ActivityExtension/v2">
              <Watts>67</Watts>
            </TPX>
          </Extensions>
        </Trackpoint>
        <Trackpoint>
          <Time>2026-07-30T13:39:16Z</Time>
          <DistanceMeters>55.1</DistanceMeters>
          <Cadence>29</Cadence>
          <SensorState>Present</SensorState>
          <HeartRateBpm>
            <Value>151</Value>
          </HeartRateBpm>
          <Extensions>
            <TPX xmlns="https://www.garmin.com/xmlschemas/ActivityExtension/v2">
              <Watts>66</Watts>
            </TPX>
          </Extensions>
        </Trackpoint>
        <Trackpoint>
          <Time>2026-07-30T13:39:19Z</Time>
          <DistanceMeters>62.4</DistanceMeters>
          <Cadence>29</Cadence>
          <SensorState>Present</SensorState>
          <HeartRateBpm>
            <Value>151</Value>
          </HeartRateBpm>
          <Extensions>
            <TPX xmlns="https://www.garmin.com/xmlschemas/ActivityExtension/v2">
              <Watts>65</Watts>
            </TPX>
          </Extensions>
        </Trackpoint>
        <Trackpoint>
          <Time>2026-07-30T13:39:21Z</Time>
          <DistanceMeters>69.6</DistanceMeters>
          <Cadence>29</Cadence>
          <SensorState>Present</SensorState>
          <HeartRateBpm>
            <Value>151</Value>
          </HeartRateBpm>
          <Extensions>
            <TPX xmlns="https://www.garmin.com/xmlschemas/ActivityExtension/v2">
              <Watts>67</Watts>
            </TPX>
          </Extensions>
        </Trackpoint>
        <Trackpoint>
          <Time>2026-07-30T13:39:24Z</Time>
          <DistanceMeters>76.9</DistanceMeters>
          <Cadence>29</Cadence>
          <SensorState>Present</SensorState>
          <HeartRateBpm>
            <Value>151</Value>
          </HeartRateBpm>
          <Extensions>
            <TPX xmlns="https://www.garmin.com/xmlschemas/ActivityExtension/v2">
              <Watts>67</Watts>
            </TPX>
          </Extensions>
        </Trackpoint>
        <Trackpoint>
          <Time>2026-07-30T13:39:26Z</Time>
          <DistanceMeters>84.3</DistanceMeters>
          <Cadence>29</Cadence>
          <SensorState>Present</SensorState>
          <HeartRateBpm>
            <Value>151</Value>
          </HeartRateBpm>
          <Extensions>
            <TPX xmlns="https://www.garmin.com/xmlschemas/ActivityExtension/v2">
              <Watts>73</Watts>
            </TPX>
          </Extensions>
        </Trackpoint>
        <Trackpoint>
          <Time>2026-07-30T13:39:28Z</Time>
          <DistanceMeters>91.4</DistanceMeters>
          <Cadence>29</Cadence>
          <SensorState>Present</SensorState>
          <HeartRateBpm>
            <Value>151</Value>
          </HeartRateBpm>
          <Extensions>
            <TPX xmlns="https://www.garmin.com/xmlschemas/ActivityExtension/v2">
              <Watts>77</Watts>
            </TPX>
          </Extensions>
        </Trackpoint>
        <Trackpoint>
          <Time>2026-07-30T13:39:31Z</Time>
          <DistanceMeters>98.9</DistanceMeters>
          <Cadence>29</Cadence>
          <SensorState>Present</SensorState>
          <HeartRateBpm>
            <Value>151</Value>
          </HeartRateBpm>
          <Extensions>
            <TPX xmlns="https://www.garmin.com/xmlschemas/ActivityExtension/v2">
              <Watts>77</Watts>
            </TPX>
          </Extensions>
        </Trackpoint>
        <Trackpoint>
          <Time>2026-07-30T13:39:33Z</Time>
          <DistanceMeters>106.3</DistanceMeters>
          <Cadence>29</Cadence>
          <SensorState>Present</SensorState>
          <HeartRateBpm>
            <Value>151</Value>
          </HeartRateBpm>
          <Extensions>
            <TPX xmlns="https://www.garmin.com/xmlschemas/ActivityExtension/v2">
              <Watts>82</Watts>
            </TPX>
          </Extensions>
        </Trackpoint>
        <Trackpoint>
          <Time>2026-07-30T13:39:36Z</Time>
          <DistanceMeters>114.4</DistanceMeters>
          <Cadence>29</Cadence>
          <SensorState>Present</SensorState>
          <HeartRateBpm>
            <Value>150</Value>
          </HeartRateBpm>
          <Extensions>
            <TPX xmlns="https://www.garmin.com/xmlschemas/ActivityExtension/v2">
              <Watts>87</Watts>
            </TPX>
          </Extensions>
        </Trackpoint>
        <Trackpoint>
          <Time>2026-07-30T13:39:38Z</Time>
          <DistanceMeters>122.2</DistanceMeters>
          <Cadence>29</Cadence>
          <SensorState>Present</SensorState>
          <HeartRateBpm>
            <Value>150</Value>
          </HeartRateBpm>
          <Extensions>
            <TPX xmlns="https://www.garmin.com/xmlschemas/ActivityExtension/v2">
              <Watts>87</Watts>
            </TPX>
          </Extensions>
        </Trackpoint>
        <Trackpoint>
          <Time>2026-07-30T13:39:41Z</Time>
          <DistanceMeters>130</DistanceMeters>
          <Cadence>29</Cadence>
          <SensorState>Present</SensorState>
          <HeartRateBpm>
            <Value>150</Value>
          </HeartRateBpm>
          <Extensions>
            <TPX xmlns="https://www.garmin.com/xmlschemas/ActivityExtension/v2">
              <Watts>84</Watts>
            </TPX>
          </Extensions>
        </Trackpoint>
        <Trackpoint>
          <Time>2026-07-30T13:39:43Z</Time>
          <DistanceMeters>137.6</DistanceMeters>
          <Cadence>29</Cadence>
          <SensorState>Present</SensorState>
          <HeartRateBpm>
            <Value>150</Value>
          </HeartRateBpm>
          <Extensions>
            <TPX xmlns="https://www.garmin.com/xmlschemas/ActivityExtension/v2">
              <Watts>84</Watts>
            </TPX>
          </Extensions>
        </Trackpoint>
        <Trackpoint>
          <Time>2026-07-30T13:39:46Z</Time>
          <DistanceMeters>145.8</DistanceMeters>
          <Cadence>29</Cadence>
          <SensorState>Present</SensorState>
          <HeartRateBpm>
            <Value>149</Value>
          </HeartRateBpm>
          <Extensions>
            <TPX xmlns="https://www.garmin.com/xmlschemas/ActivityExtension/v2">
              <Watts>85</Watts>
            </TPX>
          </Extensions>
        </Trackpoint>
        <Trackpoint>
          <Time>2026-07-30T13:39:48Z</Time>
          <DistanceMeters>153.9</DistanceMeters>
          <Cadence>29</Cadence>
          <SensorState>Present</SensorState>
          <HeartRateBpm>
            <Value>147</Value>
          </HeartRateBpm>
          <Extensions>
            <TPX xmlns="https://www.garmin.com/xmlschemas/ActivityExtension/v2">
              <Watts>90</Watts>
            </TPX>
          </Extensions>
        </Trackpoint>
        <Trackpoint>
          <Time>2026-07-30T13:39:51Z</Time>
          <DistanceMeters>161.4</DistanceMeters>
          <Cadence>29</Cadence>
          <SensorState>Present</SensorState>
          <HeartRateBpm>
            <Value>145</Value>
          </HeartRateBpm>
          <Extensions>
            <TPX xmlns="https://www.garmin.com/xmlschemas/ActivityExtension/v2">
              <Watts>93</Watts>
            </TPX>
          </Extensions>
        </Trackpoint>
        <Trackpoint>
          <Time>2026-07-30T13:39:53Z</Time>
          <DistanceMeters>169</DistanceMeters>
          <Cadence>29</Cadence>
          <SensorState>Present</SensorState>
          <HeartRateBpm>
            <Value>145</Value>
          </HeartRateBpm>
          <Extensions>
            <TPX xmlns="https://www.garmin.com/xmlschemas/ActivityExtension/v2">
              <Watts>87</Watts>
            </TPX>
          </Extensions>
        </Trackpoint>
        <Trackpoint>
          <Time>2026-07-30T13:39:55Z</Time>
          <DistanceMeters>176.6</DistanceMeters>
          <Cadence>29</Cadence>
          <SensorState>Present</SensorState>
          <HeartRateBpm>
            <Value>145</Value>
          </HeartRateBpm>
          <Extensions>
            <TPX xmlns="https://www.garmin.com/xmlschemas/ActivityExtension/v2">
              <Watts>86</Watts>
            </TPX>
          </Extensions>
        </Trackpoint>
        <Trackpoint>
          <Time>2026-07-30T13:39:58Z</Time>
          <DistanceMeters>184.3</DistanceMeters>
          <Cadence>29</Cadence>
          <SensorState>Present</SensorState>
          <HeartRateBpm>
            <Value>145</Value>
          </HeartRateBpm>
          <Extensions>
            <TPX xmlns="https://www.garmin.com/xmlschemas/ActivityExtension/v2">
              <Watts>86</Watts>
            </TPX>
          </Extensions>
        </Trackpoint>
        <Trackpoint>
          <Time>2026-07-30T13:40:00Z</Time>
          <DistanceMeters>191.8</DistanceMeters>
          <Cadence>29</Cadence>
          <SensorState>Present</SensorState>
          <HeartRateBpm>
            <Value>145</Value>
          </HeartRateBpm>
          <Extensions>
            <TPX xmlns="https://www.garmin.com/xmlschemas/ActivityExtension/v2">
              <Watts>85</Watts>
            </TPX>
          </Extensions>
        </Trackpoint>
        <Trackpoint>
          <Time>2026-07-30T13:40:03Z</Time>
          <DistanceMeters>199.3</DistanceMeters>
          <Cadence>29</Cadence>
          <SensorState>Present</SensorState>
          <HeartRateBpm>
            <Value>145</Value>
          </HeartRateBpm>
          <Extensions>
            <TPX xmlns="https://www.garmin.com/xmlschemas/ActivityExtension/v2">
              <Watts>84</Watts>
            </TPX>
          </Extensions>
        </Trackpoint>
        <Trackpoint>
          <Time>2026-07-30T13:40:05Z</Time>
          <DistanceMeters>207</DistanceMeters>
          <Cadence>29</Cadence>
          <SensorState>Present</SensorState>
          <HeartRateBpm>
            <Value>145</Value>
          </HeartRateBpm>
          <Extensions>
            <TPX xmlns="https://www.garmin.com/xmlschemas/ActivityExtension/v2">
              <Watts>84</Watts>
            </TPX>
          </Extensions>
        </Trackpoint>
        <Trackpoint>
          <Time>2026-07-30T13:40:08Z</Time>
          <DistanceMeters>214.7</DistanceMeters>
          <Cadence>29</Cadence>
          <SensorState>Present</SensorState>
          <HeartRateBpm>
            <Value>146</Value>
          </HeartRateBpm>
          <Extensions>
            <TPX xmlns="https://www.garmin.com/xmlschemas/ActivityExtension/v2">
              <Watts>86</Watts>
            </TPX>
          </Extensions>
        </Trackpoint>
        <Trackpoint>
          <Time>2026-07-30T13:40:10Z</Time>
          <DistanceMeters>222.2</DistanceMeters>
          <Cadence>29</Cadence>
          <SensorState>Present</SensorState>
          <HeartRateBpm>
            <Value>146</Value>
          </HeartRateBpm>
          <Extensions>
            <TPX xmlns="https://www.garmin.com/xmlschemas/ActivityExtension/v2">
              <Watts>82</Watts>
            </TPX>
          </Extensions>
        </Trackpoint>
        <Trackpoint>
          <Time>2026-07-30T13:40:13Z</Time>
          <DistanceMeters>229.8</DistanceMeters>
          <Cadence>29</Cadence>
          <SensorState>Present</SensorState>
          <HeartRateBpm>
            <Value>146</Value>
          </HeartRateBpm>
          <Extensions>
            <TPX xmlns="https://www.garmin.com/xmlschemas/ActivityExtension/v2">
              <Watts>82</Watts>
            </TPX>
          </Extensions>
        </Trackpoint>
        <Trackpoint>
          <Time>2026-07-30T13:40:15Z</Time>
          <DistanceMeters>237.2</DistanceMeters>
          <Cadence>29</Cadence>
          <SensorState>Present</SensorState>
          <HeartRateBpm>
            <Value>145</Value>
          </HeartRateBpm>
          <Extensions>
            <TPX xmlns="https://www.garmin.com/xmlschemas/ActivityExtension/v2">
              <Watts>83</Watts>
            </TPX>
          </Extensions>
        </Trackpoint>
        <Trackpoint>
          <Time>2026-07-30T13:40:17Z</Time>
          <DistanceMeters>244.8</DistanceMeters>
          <Cadence>29</Cadence>
          <SensorState>Present</SensorState>
          <HeartRateBpm>
            <Value>144</Value>
          </HeartRateBpm>
          <Extensions>
            <TPX xmlns="https://www.garmin.com/xmlschemas/ActivityExtension/v2">
              <Watts>86</Watts>
            </TPX>
          </Extensions>
        </Trackpoint>
        <Trackpoint>
          <Time>2026-07-30T13:40:20Z</Time>
          <DistanceMeters>252.3</DistanceMeters>
          <Cadence>29</Cadence>
          <SensorState>Present</SensorState>
          <HeartRateBpm>
            <Value>144</Value>
          </HeartRateBpm>
          <Extensions>
            <TPX xmlns="https://www.garmin.com/xmlschemas/ActivityExtension/v2">
              <Watts>93</Watts>
            </TPX>
          </Extensions>
        </Trackpoint>
        <Trackpoint>
          <Time>2026-07-30T13:40:22Z</Time>
          <DistanceMeters>259.9</DistanceMeters>
          <Cadence>29</Cadence>
          <SensorState>Present</SensorState>
          <HeartRateBpm>
            <Value>143</Value>
          </HeartRateBpm>
          <Extensions>
            <TPX xmlns="https://www.garmin.com/xmlschemas/ActivityExtension/v2">
              <Watts>93</Watts>
            </TPX>
          </Extensions>
        </Trackpoint>
        <Trackpoint>
          <Time>2026-07-30T13:40:24Z</Time>
          <DistanceMeters>267.7</DistanceMeters>
          <Cadence>29</Cadence>
          <SensorState>Present</SensorState>
          <HeartRateBpm>
            <Value>143</Value>
          </HeartRateBpm>
          <Extensions>
            <TPX xmlns="https://www.garmin.com/xmlschemas/ActivityExtension/v2">
              <Watts>88</Watts>
            </TPX>
          </Extensions>
        </Trackpoint>
        <Trackpoint>
          <Time>2026-07-30T13:40:27Z</Time>
          <DistanceMeters>275.3</DistanceMeters>
          <Cadence>29</Cadence>
          <SensorState>Present</SensorState>
          <HeartRateBpm>
            <Value>142</Value>
          </HeartRateBpm>
          <Extensions>
            <TPX xmlns="https://www.garmin.com/xmlschemas/ActivityExtension/v2">
              <Watts>89</Watts>
            </TPX>
          </Extensions>
        </Trackpoint>
        <Trackpoint>
          <Time>2026-07-30T13:40:29Z</Time>
          <DistanceMeters>283</DistanceMeters>
          <Cadence>29</Cadence>
          <SensorState>Present</SensorState>
          <HeartRateBpm>
            <Value>141</Value>
          </HeartRateBpm>
          <Extensions>
            <TPX xmlns="https://www.garmin.com/xmlschemas/ActivityExtension/v2">
              <Watts>89</Watts>
            </TPX>
          </Extensions>
        </Trackpoint>
        <Trackpoint>
          <Time>2026-07-30T13:40:32Z</Time>
          <DistanceMeters>290.6</DistanceMeters>
          <Cadence>29</Cadence>
          <SensorState>Present</SensorState>
          <HeartRateBpm>
            <Value>140</Value>
          </HeartRateBpm>
          <Extensions>
            <TPX xmlns="https://www.garmin.com/xmlschemas/ActivityExtension/v2">
              <Watts>88</Watts>
            </TPX>
          </Extensions>
        </Trackpoint>
        <Trackpoint>
          <Time>2026-07-30T13:40:34Z</Time>
          <DistanceMeters>298.4</DistanceMeters>
          <Cadence>29</Cadence>
          <SensorState>Present</SensorState>
          <HeartRateBpm>
            <Value>139</Value>
          </HeartRateBpm>
          <Extensions>
            <TPX xmlns="https://www.garmin.com/xmlschemas/ActivityExtension/v2">
              <Watts>92</Watts>
            </TPX>
          </Extensions>
        </Trackpoint>
        <Trackpoint>
          <Time>2026-07-30T13:40:36Z</Time>
          <DistanceMeters>305.9</DistanceMeters>
          <Cadence>29</Cadence>
          <SensorState>Present</SensorState>
          <HeartRateBpm>
            <Value>137</Value>
          </HeartRateBpm>
          <Extensions>
            <TPX xmlns="https://www.garmin.com/xmlschemas/ActivityExtension/v2">
              <Watts>91</Watts>
            </TPX>
          </Extensions>
        </Trackpoint>
        <Trackpoint>
          <Time>2026-07-30T13:40:39Z</Time>
          <DistanceMeters>313.5</DistanceMeters>
          <Cadence>29</Cadence>
          <SensorState>Present</SensorState>
          <HeartRateBpm>
            <Value>137</Value>
          </HeartRateBpm>
          <Extensions>
            <TPX xmlns="https://www.garmin.com/xmlschemas/ActivityExtension/v2">
              <Watts>91</Watts>
            </TPX>
          </Extensions>
        </Trackpoint>
        <Trackpoint>
          <Time>2026-07-30T13:40:41Z</Time>
          <DistanceMeters>321.1</DistanceMeters>
          <Cadence>29</Cadence>
          <SensorState>Present</SensorState>
          <HeartRateBpm>
            <Value>137</Value>
          </HeartRateBpm>
          <Extensions>
            <TPX xmlns="https://www.garmin.com/xmlschemas/ActivityExtension/v2">
              <Watts>93</Watts>
            </TPX>
          </Extensions>
        </Trackpoint>
        <Trackpoint>
          <Time>2026-07-30T13:40:43Z</Time>
          <DistanceMeters>328.7</DistanceMeters>
          <Cadence>29</Cadence>
          <SensorState>Present</SensorState>
          <HeartRateBpm>
            <Value>137</Value>
          </HeartRateBpm>
          <Extensions>
            <TPX xmlns="https://www.garmin.com/xmlschemas/ActivityExtension/v2">
              <Watts>93</Watts>
            </TPX>
          </Extensions>
        </Trackpoint>
        <Trackpoint>
          <Time>2026-07-30T13:40:46Z</Time>
          <DistanceMeters>336.6</DistanceMeters>
          <Cadence>29</Cadence>
          <SensorState>Present</SensorState>
          <HeartRateBpm>
            <Value>137</Value>
          </HeartRateBpm>
          <Extensions>
            <TPX xmlns="https://www.garmin.com/xmlschemas/ActivityExtension/v2">
              <Watts>88</Watts>
            </TPX>
          </Extensions>
        </Trackpoint>
        <Trackpoint>
          <Time>2026-07-30T13:40:48Z</Time>
          <DistanceMeters>343.8</DistanceMeters>
          <Cadence>29</Cadence>
          <SensorState>Present</SensorState>
          <HeartRateBpm>
            <Value>137</Value>
          </HeartRateBpm>
          <Extensions>
            <TPX xmlns="https://www.garmin.com/xmlschemas/ActivityExtension/v2">
              <Watts>86</Watts>
            </TPX>
          </Extensions>
        </Trackpoint>
        <Trackpoint>
          <Time>2026-07-30T13:40:51Z</Time>
          <DistanceMeters>351.2</DistanceMeters>
          <Cadence>29</Cadence>
          <SensorState>Present</SensorState>
          <HeartRateBpm>
            <Value>138</Value>
          </HeartRateBpm>
          <Extensions>
            <TPX xmlns="https://www.garmin.com/xmlschemas/ActivityExtension/v2">
              <Watts>88</Watts>
            </TPX>
          </Extensions>
        </Trackpoint>
        <Trackpoint>
          <Time>2026-07-30T13:40:53Z</Time>
          <DistanceMeters>358.5</DistanceMeters>
          <Cadence>29</Cadence>
          <SensorState>Present</SensorState>
          <HeartRateBpm>
            <Value>139</Value>
          </HeartRateBpm>
          <Extensions>
            <TPX xmlns="https://www.garmin.com/xmlschemas/ActivityExtension/v2">
              <Watts>85</Watts>
            </TPX>
          </Extensions>
        </Trackpoint>
        <Trackpoint>
          <Time>2026-07-30T13:40:55Z</Time>
          <DistanceMeters>365.8</DistanceMeters>
          <Cadence>29</Cadence>
          <SensorState>Present</SensorState>
          <HeartRateBpm>
            <Value>140</Value>
          </HeartRateBpm>
          <Extensions>
            <TPX xmlns="https://www.garmin.com/xmlschemas/ActivityExtension/v2">
              <Watts>83</Watts>
            </TPX>
          </Extensions>
        </Trackpoint>
        <Trackpoint>
          <Time>2026-07-30T13:40:58Z</Time>
          <DistanceMeters>373.2</DistanceMeters>
          <Cadence>29</Cadence>
          <SensorState>Present</SensorState>
          <HeartRateBpm>
            <Value>140</Value>
          </HeartRateBpm>
          <Extensions>
            <TPX xmlns="https://www.garmin.com/xmlschemas/ActivityExtension/v2">
              <Watts>83</Watts>
            </TPX>
          </Extensions>
        </Trackpoint>
        <Trackpoint>
          <Time>2026-07-30T13:41:00Z</Time>
          <DistanceMeters>380.6</DistanceMeters>
          <Cadence>29</Cadence>
          <SensorState>Present</SensorState>
          <HeartRateBpm>
            <Value>141</Value>
          </HeartRateBpm>
          <Extensions>
            <TPX xmlns="https://www.garmin.com/xmlschemas/ActivityExtension/v2">
              <Watts>82</Watts>
            </TPX>
          </Extensions>
        </Trackpoint>
        <Trackpoint>
          <Time>2026-07-30T13:41:02Z</Time>
          <DistanceMeters>388</DistanceMeters>
          <Cadence>29</Cadence>
          <SensorState>Present</SensorState>
          <HeartRateBpm>
            <Value>142</Value>
          </HeartRateBpm>
          <Extensions>
            <TPX xmlns="https://www.garmin.com/xmlschemas/ActivityExtension/v2">
              <Watts>82</Watts>
            </TPX>
          </Extensions>
        </Trackpoint>
        <Trackpoint>
          <Time>2026-07-30T13:41:05Z</Time>
          <DistanceMeters>395.4</DistanceMeters>
          <Cadence>29</Cadence>
          <SensorState>Present</SensorState>
          <HeartRateBpm>
            <Value>142</Value>
          </HeartRateBpm>
          <Extensions>
            <TPX xmlns="https://www.garmin.com/xmlschemas/ActivityExtension/v2">
              <Watts>82</Watts>
            </TPX>
          </Extensions>
        </Trackpoint>
        <Trackpoint>
          <Time>2026-07-30T13:41:07Z</Time>
          <DistanceMeters>402.4</DistanceMeters>
          <Cadence>29</Cadence>
          <SensorState>Present</SensorState>
          <HeartRateBpm>
            <Value>142</Value>
          </HeartRateBpm>
          <Extensions>
            <TPX xmlns="https://www.garmin.com/xmlschemas/ActivityExtension/v2">
              <Watts>81</Watts>
            </TPX>
          </Extensions>
        </Trackpoint>
        <Trackpoint>
          <Time>2026-07-30T13:41:09Z</Time>
          <DistanceMeters>409.5</DistanceMeters>
          <Cadence>29</Cadence>
          <SensorState>Present</SensorState>
          <HeartRateBpm>
            <Value>142</Value>
          </HeartRateBpm>
          <Extensions>
            <TPX xmlns="https://www.garmin.com/xmlschemas/ActivityExtension/v2">
              <Watts>81</Watts>
            </TPX>
          </Extensions>
        </Trackpoint>
        <Trackpoint>
          <Time>2026-07-30T13:41:12Z</Time>
          <DistanceMeters>416.7</DistanceMeters>
          <Cadence>29</Cadence>
          <SensorState>Present</SensorState>
          <HeartRateBpm>
            <Value>140</Value>
          </HeartRateBpm>
          <Extensions>
            <TPX xmlns="https://www.garmin.com/xmlschemas/ActivityExtension/v2">
              <Watts>81</Watts>
            </TPX>
          </Extensions>
        </Trackpoint>
        <Trackpoint>
          <Time>2026-07-30T13:41:14Z</Time>
          <DistanceMeters>423.9</DistanceMeters>
          <Cadence>29</Cadence>
          <SensorState>Present</SensorState>
          <HeartRateBpm>
            <Value>140</Value>
          </HeartRateBpm>
          <Extensions>
            <TPX xmlns="https://www.garmin.com/xmlschemas/ActivityExtension/v2">
              <Watts>78</Watts>
            </TPX>
          </Extensions>
        </Trackpoint>
        <Trackpoint>
          <Time>2026-07-30T13:41:16Z</Time>
          <DistanceMeters>431.1</DistanceMeters>
          <Cadence>29</Cadence>
          <SensorState>Present</SensorState>
          <HeartRateBpm>
            <Value>140</Value>
          </HeartRateBpm>
          <Extensions>
            <TPX xmlns="https://www.garmin.com/xmlschemas/ActivityExtension/v2">
              <Watts>78</Watts>
            </TPX>
          </Extensions>
        </Trackpoint>
        <Trackpoint>
          <Time>2026-07-30T13:41:19Z</Time>
          <DistanceMeters>438.5</DistanceMeters>
          <Cadence>29</Cadence>
          <SensorState>Present</SensorState>
          <HeartRateBpm>
            <Value>140</Value>
          </HeartRateBpm>
          <Extensions>
            <TPX xmlns="https://www.garmin.com/xmlschemas/ActivityExtension/v2">
              <Watts>83</Watts>
            </TPX>
          </Extensions>
        </Trackpoint>
        <Trackpoint>
          <Time>2026-07-30T13:41:21Z</Time>
          <DistanceMeters>446.2</DistanceMeters>
          <Cadence>29</Cadence>
          <SensorState>Present</SensorState>
          <HeartRateBpm>
            <Value>140</Value>
          </HeartRateBpm>
          <Extensions>
            <TPX xmlns="https://www.garmin.com/xmlschemas/ActivityExtension/v2">
              <Watts>93</Watts>
            </TPX>
          </Extensions>
        </Trackpoint>
        <Trackpoint>
          <Time>2026-07-30T13:41:23Z</Time>
          <DistanceMeters>453.7</DistanceMeters>
          <Cadence>29</Cadence>
          <SensorState>Present</SensorState>
          <HeartRateBpm>
            <Value>139</Value>
          </HeartRateBpm>
          <Extensions>
            <TPX xmlns="https://www.garmin.com/xmlschemas/ActivityExtension/v2">
              <Watts>93</Watts>
            </TPX>
          </Extensions>
        </Trackpoint>
        <Trackpoint>
          <Time>2026-07-30T13:41:26Z</Time>
          <DistanceMeters>460.7</DistanceMeters>
          <Cadence>29</Cadence>
          <SensorState>Present</SensorState>
          <HeartRateBpm>
            <Value>139</Value>
          </HeartRateBpm>
          <Extensions>
            <TPX xmlns="https://www.garmin.com/xmlschemas/ActivityExtension/v2">
              <Watts>81</Watts>
            </TPX>
          </Extensions>
        </Trackpoint>
        <Trackpoint>
          <Time>2026-07-30T13:41:28Z</Time>
          <DistanceMeters>467.6</DistanceMeters>
          <Cadence>29</Cadence>
          <SensorState>Present</SensorState>
          <HeartRateBpm>
            <Value>136</Value>
          </HeartRateBpm>
          <Extensions>
            <TPX xmlns="https://www.garmin.com/xmlschemas/ActivityExtension/v2">
              <Watts>83</Watts>
            </TPX>
          </Extensions>
        </Trackpoint>
        <Trackpoint>
          <Time>2026-07-30T13:41:30Z</Time>
          <DistanceMeters>474.9</DistanceMeters>
          <Cadence>29</Cadence>
          <SensorState>Present</SensorState>
          <HeartRateBpm>
            <Value>134</Value>
          </HeartRateBpm>
          <Extensions>
            <TPX xmlns="https://www.garmin.com/xmlschemas/ActivityExtension/v2">
              <Watts>88</Watts>
            </TPX>
          </Extensions>
        </Trackpoint>
        <Trackpoint>
          <Time>2026-07-30T13:41:32Z</Time>
          <DistanceMeters>482.2</DistanceMeters>
          <Cadence>29</Cadence>
          <SensorState>Present</SensorState>
          <HeartRateBpm>
            <Value>131</Value>
          </HeartRateBpm>
          <Extensions>
            <TPX xmlns="https://www.garmin.com/xmlschemas/ActivityExtension/v2">
              <Watts>94</Watts>
            </TPX>
          </Extensions>
        </Trackpoint>
        <Trackpoint>
          <Time>2026-07-30T13:41:35Z</Time>
          <DistanceMeters>489.9</DistanceMeters>
          <Cadence>29</Cadence>
          <SensorState>Present</SensorState>
          <HeartRateBpm>
            <Value>130</Value>
          </HeartRateBpm>
          <Extensions>
            <TPX xmlns="https://www.garmin.com/xmlschemas/ActivityExtension/v2">
              <Watts>97</Watts>
            </TPX>
          </Extensions>
        </Trackpoint>
        <Trackpoint>
          <Time>2026-07-30T13:41:37Z</Time>
          <DistanceMeters>497.7</DistanceMeters>
          <Cadence>29</Cadence>
          <SensorState>Present</SensorState>
          <HeartRateBpm>
            <Value>130</Value>
          </HeartRateBpm>
          <Extensions>
            <TPX xmlns="https://www.garmin.com/xmlschemas/ActivityExtension/v2">
              <Watts>96</Watts>
            </TPX>
          </Extensions>
        </Trackpoint>
        <Trackpoint>
          <Time>2026-07-30T13:41:39Z</Time>
          <DistanceMeters>505.3</DistanceMeters>
          <Cadence>29</Cadence>
          <SensorState>Present</SensorState>
          <HeartRateBpm>
            <Value>130</Value>
          </HeartRateBpm>
          <Extensions>
            <TPX xmlns="https://www.garmin.com/xmlschemas/ActivityExtension/v2">
              <Watts>93</Watts>
            </TPX>
          </Extensions>
        </Trackpoint>
        <Trackpoint>
          <Time>2026-07-30T13:41:42Z</Time>
          <DistanceMeters>512.8</DistanceMeters>
          <Cadence>29</Cadence>
          <SensorState>Present</SensorState>
          <HeartRateBpm>
            <Value>131</Value>
          </HeartRateBpm>
          <Extensions>
            <TPX xmlns="https://www.garmin.com/xmlschemas/ActivityExtension/v2">
              <Watts>100</Watts>
            </TPX>
          </Extensions>
        </Trackpoint>
        <Trackpoint>
          <Time>2026-07-30T13:41:44Z</Time>
          <DistanceMeters>520.6</DistanceMeters>
          <Cadence>29</Cadence>
          <SensorState>Present</SensorState>
          <HeartRateBpm>
            <Value>131</Value>
          </HeartRateBpm>
          <Extensions>
            <TPX xmlns="https://www.garmin.com/xmlschemas/ActivityExtension/v2">
              <Watts>100</Watts>
            </TPX>
          </Extensions>
        </Trackpoint>
        <Trackpoint>
          <Time>2026-07-30T13:41:46Z</Time>
          <DistanceMeters>528.2</DistanceMeters>
          <Cadence>29</Cadence>
          <SensorState>Present</SensorState>
          <HeartRateBpm>
            <Value>131</Value>
          </HeartRateBpm>
          <Extensions>
            <TPX xmlns="https://www.garmin.com/xmlschemas/ActivityExtension/v2">
              <Watts>98</Watts>
            </TPX>
          </Extensions>
        </Trackpoint>
        <Trackpoint>
          <Time>2026-07-30T13:41:49Z</Time>
          <DistanceMeters>535.9</DistanceMeters>
          <Cadence>29</Cadence>
          <SensorState>Present</SensorState>
          <HeartRateBpm>
            <Value>132</Value>
          </HeartRateBpm>
          <Extensions>
            <TPX xmlns="https://www.garmin.com/xmlschemas/ActivityExtension/v2">
              <Watts>97</Watts>
            </TPX>
          </Extensions>
        </Trackpoint>
        <Trackpoint>
          <Time>2026-07-30T13:41:51Z</Time>
          <DistanceMeters>543.2</DistanceMeters>
          <Cadence>29</Cadence>
          <SensorState>Present</SensorState>
          <HeartRateBpm>
            <Value>132</Value>
          </HeartRateBpm>
          <Extensions>
            <TPX xmlns="https://www.garmin.com/xmlschemas/ActivityExtension/v2">
              <Watts>98</Watts>
            </TPX>
          </Extensions>
        </Trackpoint>
        <Trackpoint>
          <Time>2026-07-30T13:41:53Z</Time>
          <DistanceMeters>550.5</DistanceMeters>
          <Cadence>29</Cadence>
          <SensorState>Present</SensorState>
          <HeartRateBpm>
            <Value>132</Value>
          </HeartRateBpm>
          <Extensions>
            <TPX xmlns="https://www.garmin.com/xmlschemas/ActivityExtension/v2">
              <Watts>90</Watts>
            </TPX>
          </Extensions>
        </Trackpoint>
        <Trackpoint>
          <Time>2026-07-30T13:41:56Z</Time>
          <DistanceMeters>557.7</DistanceMeters>
          <Cadence>29</Cadence>
          <SensorState>Present</SensorState>
          <HeartRateBpm>
            <Value>132</Value>
          </HeartRateBpm>
          <Extensions>
            <TPX xmlns="https://www.garmin.com/xmlschemas/ActivityExtension/v2">
              <Watts>91</Watts>
            </TPX>
          </Extensions>
        </Trackpoint>
        <Trackpoint>
          <Time>2026-07-30T13:41:58Z</Time>
          <DistanceMeters>565.3</DistanceMeters>
          <Cadence>29</Cadence>
          <SensorState>Present</SensorState>
          <HeartRateBpm>
            <Value>133</Value>
          </HeartRateBpm>
          <Extensions>
            <TPX xmlns="https://www.garmin.com/xmlschemas/ActivityExtension/v2">
              <Watts>92</Watts>
            </TPX>
          </Extensions>
        </Trackpoint>
        <Trackpoint>
          <Time>2026-07-30T13:42:00Z</Time>
          <DistanceMeters>572.9</DistanceMeters>
          <Cadence>29</Cadence>
          <SensorState>Present</SensorState>
          <HeartRateBpm>
            <Value>133</Value>
          </HeartRateBpm>
          <Extensions>
            <TPX xmlns="https://www.garmin.com/xmlschemas/ActivityExtension/v2">
              <Watts>92</Watts>
            </TPX>
          </Extensions>
        </Trackpoint>
      </Track>
    </Lap>
    <Lap StartTime="2026-07-30T13:42:00Z ">
      <TotalTimeSeconds>240</TotalTimeSeconds>
      <DistanceMeters>932</DistanceMeters>
      <MaximumSpeed>4.1</MaximumSpeed>
      <Calories>58</Calories>
      <Intensity>Active</Intensity>
      <TriggerMethod>Manual</TriggerMethod>
      <Track>
        <Trackpoint>
          <Time>2026-07-30T13:42:00Z</Time>
          <DistanceMeters>0.8</DistanceMeters>
          <Cadence>29</Cadence>
          <SensorState>Present</SensorState>
          <HeartRateBpm>
            <Value>134</Value>
          </HeartRateBpm>
          <Extensions>
            <TPX xmlns="https://www.garmin.com/xmlschemas/ActivityExtension/v2">
              <Watts>92</Watts>
            </TPX>
          </Extensions>
        </Trackpoint>
        <Trackpoint>
          <Time>2026-07-30T13:42:00Z</Time>
          <DistanceMeters>3.9</DistanceMeters>
          <Cadence>0</Cadence>
          <SensorState>Present</SensorState>
          <HeartRateBpm>
            <Value>134</Value>
          </HeartRateBpm>
          <Extensions>
            <TPX xmlns="https://www.garmin.com/xmlschemas/ActivityExtension/v2">
              <Watts>131</Watts>
            </TPX>
          </Extensions>
        </Trackpoint>
        <Trackpoint>
          <Time>2026-07-30T13:42:03Z</Time>
          <DistanceMeters>12</DistanceMeters>
          <Cadence>27</Cadence>
          <SensorState>Present</SensorState>
          <HeartRateBpm>
            <Value>134</Value>
          </HeartRateBpm>
          <Extensions>
            <TPX xmlns="https://www.garmin.com/xmlschemas/ActivityExtension/v2">
              <Watts>140</Watts>
            </TPX>
          </Extensions>
        </Trackpoint>
        <Trackpoint>
          <Time>2026-07-30T13:42:05Z</Time>
          <DistanceMeters>20.1</DistanceMeters>
          <Cadence>27</Cadence>
          <SensorState>Present</SensorState>
          <HeartRateBpm>
            <Value>134</Value>
          </HeartRateBpm>
          <Extensions>
            <TPX xmlns="https://www.garmin.com/xmlschemas/ActivityExtension/v2">
              <Watts>134</Watts>
            </TPX>
          </Extensions>
        </Trackpoint>
        <Trackpoint>
          <Time>2026-07-30T13:42:07Z</Time>
          <DistanceMeters>28.2</DistanceMeters>
          <Cadence>27</Cadence>
          <SensorState>Present</SensorState>
          <HeartRateBpm>
            <Value>134</Value>
          </HeartRateBpm>
          <Extensions>
            <TPX xmlns="https://www.garmin.com/xmlschemas/ActivityExtension/v2">
              <Watts>134</Watts>
            </TPX>
          </Extensions>
        </Trackpoint>
        <Trackpoint>
          <Time>2026-07-30T13:42:09Z</Time>
          <DistanceMeters>36.5</DistanceMeters>
          <Cadence>27</Cadence>
          <SensorState>Present</SensorState>
          <HeartRateBpm>
            <Value>134</Value>
          </HeartRateBpm>
          <Extensions>
            <TPX xmlns="https://www.garmin.com/xmlschemas/ActivityExtension/v2">
              <Watts>144</Watts>
            </TPX>
          </Extensions>
        </Trackpoint>
        <Trackpoint>
          <Time>2026-07-30T13:42:11Z</Time>
          <DistanceMeters>45</DistanceMeters>
          <Cadence>27</Cadence>
          <SensorState>Present</SensorState>
          <HeartRateBpm>
            <Value>135</Value>
          </HeartRateBpm>
          <Extensions>
            <TPX xmlns="https://www.garmin.com/xmlschemas/ActivityExtension/v2">
              <Watts>144</Watts>
            </TPX>
          </Extensions>
        </Trackpoint>
        <Trackpoint>
          <Time>2026-07-30T13:42:14Z</Time>
          <DistanceMeters>53.4</DistanceMeters>
          <Cadence>29</Cadence>
          <SensorState>Present</SensorState>
          <HeartRateBpm>
            <Value>135</Value>
          </HeartRateBpm>
          <Extensions>
            <TPX xmlns="https://www.garmin.com/xmlschemas/ActivityExtension/v2">
              <Watts>167</Watts>
            </TPX>
          </Extensions>
        </Trackpoint>
        <Trackpoint>
          <Time>2026-07-30T13:42:16Z</Time>
          <DistanceMeters>61.4</DistanceMeters>
          <Cadence>29</Cadence>
          <SensorState>Present</SensorState>
          <HeartRateBpm>
            <Value>136</Value>
          </HeartRateBpm>
          <Extensions>
            <TPX xmlns="https://www.garmin.com/xmlschemas/ActivityExtension/v2">
              <Watts>159</Watts>
            </TPX>
          </Extensions>
        </Trackpoint>
        <Trackpoint>
          <Time>2026-07-30T13:42:18Z</Time>
          <DistanceMeters>69.4</DistanceMeters>
          <Cadence>29</Cadence>
          <SensorState>Present</SensorState>
          <HeartRateBpm>
            <Value>135</Value>
          </HeartRateBpm>
          <Extensions>
            <TPX xmlns="https://www.garmin.com/xmlschemas/ActivityExtension/v2">
              <Watts>153</Watts>
            </TPX>
          </Extensions>
        </Trackpoint>
        <Trackpoint>
          <Time>2026-07-30T13:42:20Z</Time>
          <DistanceMeters>77.2</DistanceMeters>
          <Cadence>29</Cadence>
          <SensorState>Present</SensorState>
          <HeartRateBpm>
            <Value>135</Value>
          </HeartRateBpm>
          <Extensions>
            <TPX xmlns="https://www.garmin.com/xmlschemas/ActivityExtension/v2">
              <Watts>153</Watts>
            </TPX>
          </Extensions>
        </Trackpoint>
        <Trackpoint>
          <Time>2026-07-30T13:42:22Z</Time>
          <DistanceMeters>85.4</DistanceMeters>
          <Cadence>28</Cadence>
          <SensorState>Present</SensorState>
          <HeartRateBpm>
            <Value>135</Value>
          </HeartRateBpm>
          <Extensions>
            <TPX xmlns="https://www.garmin.com/xmlschemas/ActivityExtension/v2">
              <Watts>161</Watts>
            </TPX>
          </Extensions>
        </Trackpoint>
        <Trackpoint>
          <Time>2026-07-30T13:42:24Z</Time>
          <DistanceMeters>93.5</DistanceMeters>
          <Cadence>29</Cadence>
          <SensorState>Present</SensorState>
          <HeartRateBpm>
            <Value>135</Value>
          </HeartRateBpm>
          <Extensions>
            <TPX xmlns="https://www.garmin.com/xmlschemas/ActivityExtension/v2">
              <Watts>159</Watts>
            </TPX>
          </Extensions>
        </Trackpoint>
        <Trackpoint>
          <Time>2026-07-30T13:42:26Z</Time>
          <DistanceMeters>101.4</DistanceMeters>
          <Cadence>29</Cadence>
          <SensorState>Present</SensorState>
          <HeartRateBpm>
            <Value>135</Value>
          </HeartRateBpm>
          <Extensions>
            <TPX xmlns="https://www.garmin.com/xmlschemas/ActivityExtension/v2">
              <Watts>154</Watts>
            </TPX>
          </Extensions>
        </Trackpoint>
        <Trackpoint>
          <Time>2026-07-30T13:42:28Z</Time>
          <DistanceMeters>109.6</DistanceMeters>
          <Cadence>29</Cadence>
          <SensorState>Present</SensorState>
          <HeartRateBpm>
            <Value>135</Value>
          </HeartRateBpm>
          <Extensions>
            <TPX xmlns="https://www.garmin.com/xmlschemas/ActivityExtension/v2">
              <Watts>154</Watts>
            </TPX>
          </Extensions>
        </Trackpoint>
        <Trackpoint>
          <Time>2026-07-30T13:42:30Z</Time>
          <DistanceMeters>117.9</DistanceMeters>
          <Cadence>28</Cadence>
          <SensorState>Present</SensorState>
          <HeartRateBpm>
            <Value>136</Value>
          </HeartRateBpm>
          <Extensions>
            <TPX xmlns="https://www.garmin.com/xmlschemas/ActivityExtension/v2">
              <Watts>152</Watts>
            </TPX>
          </Extensions>
        </Trackpoint>
        <Trackpoint>
          <Time>2026-07-30T13:42:33Z</Time>
          <DistanceMeters>127</DistanceMeters>
          <Cadence>26</Cadence>
          <SensorState>Present</SensorState>
          <HeartRateBpm>
            <Value>136</Value>
          </HeartRateBpm>
          <Extensions>
            <TPX xmlns="https://www.garmin.com/xmlschemas/ActivityExtension/v2">
              <Watts>163</Watts>
            </TPX>
          </Extensions>
        </Trackpoint>
        <Trackpoint>
          <Time>2026-07-30T13:42:35Z</Time>
          <DistanceMeters>135.8</DistanceMeters>
          <Cadence>26</Cadence>
          <SensorState>Present</SensorState>
          <HeartRateBpm>
            <Value>136</Value>
          </HeartRateBpm>
          <Extensions>
            <TPX xmlns="https://www.garmin.com/xmlschemas/ActivityExtension/v2">
              <Watts>163</Watts>
            </TPX>
          </Extensions>
        </Trackpoint>
        <Trackpoint>
          <Time>2026-07-30T13:42:37Z</Time>
          <DistanceMeters>144.4</DistanceMeters>
          <Cadence>27</Cadence>
          <SensorState>Present</SensorState>
          <HeartRateBpm>
            <Value>136</Value>
          </HeartRateBpm>
          <Extensions>
            <TPX xmlns="https://www.garmin.com/xmlschemas/ActivityExtension/v2">
              <Watts>161</Watts>
            </TPX>
          </Extensions>
        </Trackpoint>
        <Trackpoint>
          <Time>2026-07-30T13:42:39Z</Time>
          <DistanceMeters>152.8</DistanceMeters>
          <Cadence>27</Cadence>
          <SensorState>Present</SensorState>
          <HeartRateBpm>
            <Value>136</Value>
          </HeartRateBpm>
          <Extensions>
            <TPX xmlns="https://www.garmin.com/xmlschemas/ActivityExtension/v2">
              <Watts>161</Watts>
            </TPX>
          </Extensions>
        </Trackpoint>
        <Trackpoint>
          <Time>2026-07-30T13:42:42Z</Time>
          <DistanceMeters>161.2</DistanceMeters>
          <Cadence>28</Cadence>
          <SensorState>Present</SensorState>
          <HeartRateBpm>
            <Value>138</Value>
          </HeartRateBpm>
          <Extensions>
            <TPX xmlns="https://www.garmin.com/xmlschemas/ActivityExtension/v2">
              <Watts>162</Watts>
            </TPX>
          </Extensions>
        </Trackpoint>
        <Trackpoint>
          <Time>2026-07-30T13:42:44Z</Time>
          <DistanceMeters>169.6</DistanceMeters>
          <Cadence>28</Cadence>
          <SensorState>Present</SensorState>
          <HeartRateBpm>
            <Value>137</Value>
          </HeartRateBpm>
          <Extensions>
            <TPX xmlns="https://www.garmin.com/xmlschemas/ActivityExtension/v2">
              <Watts>162</Watts>
            </TPX>
          </Extensions>
        </Trackpoint>
        <Trackpoint>
          <Time>2026-07-30T13:42:46Z</Time>
          <DistanceMeters>178.1</DistanceMeters>
          <Cadence>28</Cadence>
          <SensorState>Present</SensorState>
          <HeartRateBpm>
            <Value>136</Value>
          </HeartRateBpm>
          <Extensions>
            <TPX xmlns="https://www.garmin.com/xmlschemas/ActivityExtension/v2">
              <Watts>163</Watts>
            </TPX>
          </Extensions>
        </Trackpoint>
        <Trackpoint>
          <Time>2026-07-30T13:42:48Z</Time>
          <DistanceMeters>186.4</DistanceMeters>
          <Cadence>28</Cadence>
          <SensorState>Present</SensorState>
          <HeartRateBpm>
            <Value>135</Value>
          </HeartRateBpm>
          <Extensions>
            <TPX xmlns="https://www.garmin.com/xmlschemas/ActivityExtension/v2">
              <Watts>163</Watts>
            </TPX>
          </Extensions>
        </Trackpoint>
        <Trackpoint>
          <Time>2026-07-30T13:42:50Z</Time>
          <DistanceMeters>194.9</DistanceMeters>
          <Cadence>27</Cadence>
          <SensorState>Present</SensorState>
          <HeartRateBpm>
            <Value>135</Value>
          </HeartRateBpm>
          <Extensions>
            <TPX xmlns="https://www.garmin.com/xmlschemas/ActivityExtension/v2">
              <Watts>164</Watts>
            </TPX>
          </Extensions>
        </Trackpoint>
        <Trackpoint>
          <Time>2026-07-30T13:42:52Z</Time>
          <DistanceMeters>203</DistanceMeters>
          <Cadence>29</Cadence>
          <SensorState>Present</SensorState>
          <HeartRateBpm>
            <Value>136</Value>
          </HeartRateBpm>
          <Extensions>
            <TPX xmlns="https://www.garmin.com/xmlschemas/ActivityExtension/v2">
              <Watts>160</Watts>
            </TPX>
          </Extensions>
        </Trackpoint>
        <Trackpoint>
          <Time>2026-07-30T13:42:54Z</Time>
          <DistanceMeters>211.2</DistanceMeters>
          <Cadence>28</Cadence>
          <SensorState>Present</SensorState>
          <HeartRateBpm>
            <Value>139</Value>
          </HeartRateBpm>
          <Extensions>
            <TPX xmlns="https://www.garmin.com/xmlschemas/ActivityExtension/v2">
              <Watts>160</Watts>
            </TPX>
          </Extensions>
        </Trackpoint>
        <Trackpoint>
          <Time>2026-07-30T13:42:57Z</Time>
          <DistanceMeters>219.5</DistanceMeters>
          <Cadence>28</Cadence>
          <SensorState>Present</SensorState>
          <HeartRateBpm>
            <Value>141</Value>
          </HeartRateBpm>
          <Extensions>
            <TPX xmlns="https://www.garmin.com/xmlschemas/ActivityExtension/v2">
              <Watts>160</Watts>
            </TPX>
          </Extensions>
        </Trackpoint>
        <Trackpoint>
          <Time>2026-07-30T13:42:59Z</Time>
          <DistanceMeters>227.6</DistanceMeters>
          <Cadence>28</Cadence>
          <SensorState>Present</SensorState>
          <HeartRateBpm>
            <Value>143</Value>
          </HeartRateBpm>
          <Extensions>
            <TPX xmlns="https://www.garmin.com/xmlschemas/ActivityExtension/v2">
              <Watts>147</Watts>
            </TPX>
          </Extensions>
        </Trackpoint>
        <Trackpoint>
          <Time>2026-07-30T13:43:01Z</Time>
          <DistanceMeters>235.8</DistanceMeters>
          <Cadence>28</Cadence>
          <SensorState>Present</SensorState>
          <HeartRateBpm>
            <Value>144</Value>
          </HeartRateBpm>
          <Extensions>
            <TPX xmlns="https://www.garmin.com/xmlschemas/ActivityExtension/v2">
              <Watts>147</Watts>
            </TPX>
          </Extensions>
        </Trackpoint>
        <Trackpoint>
          <Time>2026-07-30T13:43:03Z</Time>
          <DistanceMeters>244.1</DistanceMeters>
          <Cadence>27</Cadence>
          <SensorState>Present</SensorState>
          <HeartRateBpm>
            <Value>145</Value>
          </HeartRateBpm>
          <Extensions>
            <TPX xmlns="https://www.garmin.com/xmlschemas/ActivityExtension/v2">
              <Watts>149</Watts>
            </TPX>
          </Extensions>
        </Trackpoint>
        <Trackpoint>
          <Time>2026-07-30T13:43:05Z</Time>
          <DistanceMeters>252.4</DistanceMeters>
          <Cadence>27</Cadence>
          <SensorState>Present</SensorState>
          <HeartRateBpm>
            <Value>147</Value>
          </HeartRateBpm>
          <Extensions>
            <TPX xmlns="https://www.garmin.com/xmlschemas/ActivityExtension/v2">
              <Watts>149</Watts>
            </TPX>
          </Extensions>
        </Trackpoint>
        <Trackpoint>
          <Time>2026-07-30T13:43:07Z</Time>
          <DistanceMeters>260.7</DistanceMeters>
          <Cadence>28</Cadence>
          <SensorState>Present</SensorState>
          <HeartRateBpm>
            <Value>147</Value>
          </HeartRateBpm>
          <Extensions>
            <TPX xmlns="https://www.garmin.com/xmlschemas/ActivityExtension/v2">
              <Watts>159</Watts>
            </TPX>
          </Extensions>
        </Trackpoint>
        <Trackpoint>
          <Time>2026-07-30T13:43:10Z</Time>
          <DistanceMeters>269.2</DistanceMeters>
          <Cadence>28</Cadence>
          <SensorState>Present</SensorState>
          <HeartRateBpm>
            <Value>149</Value>
          </HeartRateBpm>
          <Extensions>
            <TPX xmlns="https://www.garmin.com/xmlschemas/ActivityExtension/v2">
              <Watts>160</Watts>
            </TPX>
          </Extensions>
        </Trackpoint>
        <Trackpoint>
          <Time>2026-07-30T13:43:12Z</Time>
          <DistanceMeters>277.5</DistanceMeters>
          <Cadence>28</Cadence>
          <SensorState>Present</SensorState>
          <HeartRateBpm>
            <Value>149</Value>
          </HeartRateBpm>
          <Extensions>
            <TPX xmlns="https://www.garmin.com/xmlschemas/ActivityExtension/v2">
              <Watts>162</Watts>
            </TPX>
          </Extensions>
        </Trackpoint>
        <Trackpoint>
          <Time>2026-07-30T13:43:14Z</Time>
          <DistanceMeters>285.7</DistanceMeters>
          <Cadence>28</Cadence>
          <SensorState>Present</SensorState>
          <HeartRateBpm>
            <Value>148</Value>
          </HeartRateBpm>
          <Extensions>
            <TPX xmlns="https://www.garmin.com/xmlschemas/ActivityExtension/v2">
              <Watts>162</Watts>
            </TPX>
          </Extensions>
        </Trackpoint>
        <Trackpoint>
          <Time>2026-07-30T13:43:16Z</Time>
          <DistanceMeters>293.8</DistanceMeters>
          <Cadence>28</Cadence>
          <SensorState>Present</SensorState>
          <HeartRateBpm>
            <Value>148</Value>
          </HeartRateBpm>
          <Extensions>
            <TPX xmlns="https://www.garmin.com/xmlschemas/ActivityExtension/v2">
              <Watts>157</Watts>
            </TPX>
          </Extensions>
        </Trackpoint>
        <Trackpoint>
          <Time>2026-07-30T13:43:18Z</Time>
          <DistanceMeters>302</DistanceMeters>
          <Cadence>28</Cadence>
          <SensorState>Present</SensorState>
          <HeartRateBpm>
            <Value>148</Value>
          </HeartRateBpm>
          <Extensions>
            <TPX xmlns="https://www.garmin.com/xmlschemas/ActivityExtension/v2">
              <Watts>150</Watts>
            </TPX>
          </Extensions>
        </Trackpoint>
        <Trackpoint>
          <Time>2026-07-30T13:43:20Z</Time>
          <DistanceMeters>310.5</DistanceMeters>
          <Cadence>27</Cadence>
          <SensorState>Present</SensorState>
          <HeartRateBpm>
            <Value>150</Value>
          </HeartRateBpm>
          <Extensions>
            <TPX xmlns="https://www.garmin.com/xmlschemas/ActivityExtension/v2">
              <Watts>147</Watts>
            </TPX>
          </Extensions>
        </Trackpoint>
        <Trackpoint>
          <Time>2026-07-30T13:43:23Z</Time>
          <DistanceMeters>318.9</DistanceMeters>
          <Cadence>27</Cadence>
          <SensorState>Present</SensorState>
          <HeartRateBpm>
            <Value>150</Value>
          </HeartRateBpm>
          <Extensions>
            <TPX xmlns="https://www.garmin.com/xmlschemas/ActivityExtension/v2">
              <Watts>147</Watts>
            </TPX>
          </Extensions>
        </Trackpoint>
        <Trackpoint>
          <Time>2026-07-30T13:43:25Z</Time>
          <DistanceMeters>327.6</DistanceMeters>
          <Cadence>26</Cadence>
          <SensorState>Present</SensorState>
          <HeartRateBpm>
            <Value>151</Value>
          </HeartRateBpm>
          <Extensions>
            <TPX xmlns="https://www.garmin.com/xmlschemas/ActivityExtension/v2">
              <Watts>151</Watts>
            </TPX>
          </Extensions>
        </Trackpoint>
        <Trackpoint>
          <Time>2026-07-30T13:43:27Z</Time>
          <DistanceMeters>336.4</DistanceMeters>
          <Cadence>26</Cadence>
          <SensorState>Present</SensorState>
          <HeartRateBpm>
            <Value>151</Value>
          </HeartRateBpm>
          <Extensions>
            <TPX xmlns="https://www.garmin.com/xmlschemas/ActivityExtension/v2">
              <Watts>151</Watts>
            </TPX>
          </Extensions>
        </Trackpoint>
        <Trackpoint>
          <Time>2026-07-30T13:43:29Z</Time>
          <DistanceMeters>344.5</DistanceMeters>
          <Cadence>28</Cadence>
          <SensorState>Present</SensorState>
          <HeartRateBpm>
            <Value>152</Value>
          </HeartRateBpm>
          <Extensions>
            <TPX xmlns="https://www.garmin.com/xmlschemas/ActivityExtension/v2">
              <Watts>189</Watts>
            </TPX>
          </Extensions>
        </Trackpoint>
        <Trackpoint>
          <Time>2026-07-30T13:43:31Z</Time>
          <DistanceMeters>352.8</DistanceMeters>
          <Cadence>30</Cadence>
          <SensorState>Present</SensorState>
          <HeartRateBpm>
            <Value>152</Value>
          </HeartRateBpm>
          <Extensions>
            <TPX xmlns="https://www.garmin.com/xmlschemas/ActivityExtension/v2">
              <Watts>179</Watts>
            </TPX>
          </Extensions>
        </Trackpoint>
        <Trackpoint>
          <Time>2026-07-30T13:43:33Z</Time>
          <DistanceMeters>361</DistanceMeters>
          <Cadence>28</Cadence>
          <SensorState>Present</SensorState>
          <HeartRateBpm>
            <Value>153</Value>
          </HeartRateBpm>
          <Extensions>
            <TPX xmlns="https://www.garmin.com/xmlschemas/ActivityExtension/v2">
              <Watts>160</Watts>
            </TPX>
          </Extensions>
        </Trackpoint>
        <Trackpoint>
          <Time>2026-07-30T13:43:35Z</Time>
          <DistanceMeters>369.1</DistanceMeters>
          <Cadence>29</Cadence>
          <SensorState>Present</SensorState>
          <HeartRateBpm>
            <Value>153</Value>
          </HeartRateBpm>
          <Extensions>
            <TPX xmlns="https://www.garmin.com/xmlschemas/ActivityExtension/v2">
              <Watts>163</Watts>
            </TPX>
          </Extensions>
        </Trackpoint>
        <Trackpoint>
          <Time>2026-07-30T13:43:37Z</Time>
          <DistanceMeters>377.1</DistanceMeters>
          <Cadence>29</Cadence>
          <SensorState>Present</SensorState>
          <HeartRateBpm>
            <Value>152</Value>
          </HeartRateBpm>
          <Extensions>
            <TPX xmlns="https://www.garmin.com/xmlschemas/ActivityExtension/v2">
              <Watts>163</Watts>
            </TPX>
          </Extensions>
        </Trackpoint>
        <Trackpoint>
          <Time>2026-07-30T13:43:40Z</Time>
          <DistanceMeters>385.4</DistanceMeters>
          <Cadence>29</Cadence>
          <SensorState>Present</SensorState>
          <HeartRateBpm>
            <Value>152</Value>
          </HeartRateBpm>
          <Extensions>
            <TPX xmlns="https://www.garmin.com/xmlschemas/ActivityExtension/v2">
              <Watts>171</Watts>
            </TPX>
          </Extensions>
        </Trackpoint>
        <Trackpoint>
          <Time>2026-07-30T13:43:42Z</Time>
          <DistanceMeters>393.6</DistanceMeters>
          <Cadence>29</Cadence>
          <SensorState>Present</SensorState>
          <HeartRateBpm>
            <Value>152</Value>
          </HeartRateBpm>
          <Extensions>
            <TPX xmlns="https://www.garmin.com/xmlschemas/ActivityExtension/v2">
              <Watts>162</Watts>
            </TPX>
          </Extensions>
        </Trackpoint>
        <Trackpoint>
          <Time>2026-07-30T13:43:44Z</Time>
          <DistanceMeters>401.3</DistanceMeters>
          <Cadence>30</Cadence>
          <SensorState>Present</SensorState>
          <HeartRateBpm>
            <Value>151</Value>
          </HeartRateBpm>
          <Extensions>
            <TPX xmlns="https://www.garmin.com/xmlschemas/ActivityExtension/v2">
              <Watts>166</Watts>
            </TPX>
          </Extensions>
        </Trackpoint>
        <Trackpoint>
          <Time>2026-07-30T13:43:46Z</Time>
          <DistanceMeters>409.1</DistanceMeters>
          <Cadence>30</Cadence>
          <SensorState>Present</SensorState>
          <HeartRateBpm>
            <Value>151</Value>
          </HeartRateBpm>
          <Extensions>
            <TPX xmlns="https://www.garmin.com/xmlschemas/ActivityExtension/v2">
              <Watts>166</Watts>
            </TPX>
          </Extensions>
        </Trackpoint>
        <Trackpoint>
          <Time>2026-07-30T13:43:48Z</Time>
          <DistanceMeters>416.9</DistanceMeters>
          <Cadence>30</Cadence>
          <SensorState>Present</SensorState>
          <HeartRateBpm>
            <Value>151</Value>
          </HeartRateBpm>
          <Extensions>
            <TPX xmlns="https://www.garmin.com/xmlschemas/ActivityExtension/v2">
              <Watts>161</Watts>
            </TPX>
          </Extensions>
        </Trackpoint>
        <Trackpoint>
          <Time>2026-07-30T13:43:50Z</Time>
          <DistanceMeters>424.9</DistanceMeters>
          <Cadence>29</Cadence>
          <SensorState>Present</SensorState>
          <HeartRateBpm>
            <Value>151</Value>
          </HeartRateBpm>
          <Extensions>
            <TPX xmlns="https://www.garmin.com/xmlschemas/ActivityExtension/v2">
              <Watts>164</Watts>
            </TPX>
          </Extensions>
        </Trackpoint>
        <Trackpoint>
          <Time>2026-07-30T13:43:52Z</Time>
          <DistanceMeters>432.7</DistanceMeters>
          <Cadence>30</Cadence>
          <SensorState>Present</SensorState>
          <HeartRateBpm>
            <Value>152</Value>
          </HeartRateBpm>
          <Extensions>
            <TPX xmlns="https://www.garmin.com/xmlschemas/ActivityExtension/v2">
              <Watts>160</Watts>
            </TPX>
          </Extensions>
        </Trackpoint>
        <Trackpoint>
          <Time>2026-07-30T13:43:54Z</Time>
          <DistanceMeters>440.4</DistanceMeters>
          <Cadence>30</Cadence>
          <SensorState>Present</SensorState>
          <HeartRateBpm>
            <Value>152</Value>
          </HeartRateBpm>
          <Extensions>
            <TPX xmlns="https://www.garmin.com/xmlschemas/ActivityExtension/v2">
              <Watts>158</Watts>
            </TPX>
          </Extensions>
        </Trackpoint>
        <Trackpoint>
          <Time>2026-07-30T13:43:56Z</Time>
          <DistanceMeters>448.1</DistanceMeters>
          <Cadence>30</Cadence>
          <SensorState>Present</SensorState>
          <HeartRateBpm>
            <Value>151</Value>
          </HeartRateBpm>
          <Extensions>
            <TPX xmlns="https://www.garmin.com/xmlschemas/ActivityExtension/v2">
              <Watts>158</Watts>
            </TPX>
          </Extensions>
        </Trackpoint>
        <Trackpoint>
          <Time>2026-07-30T13:43:58Z</Time>
          <DistanceMeters>455.7</DistanceMeters>
          <Cadence>30</Cadence>
          <SensorState>Present</SensorState>
          <HeartRateBpm>
            <Value>151</Value>
          </HeartRateBpm>
          <Extensions>
            <TPX xmlns="https://www.garmin.com/xmlschemas/ActivityExtension/v2">
              <Watts>158</Watts>
            </TPX>
          </Extensions>
        </Trackpoint>
        <Trackpoint>
          <Time>2026-07-30T13:44:00Z</Time>
          <DistanceMeters>463.5</DistanceMeters>
          <Cadence>29</Cadence>
          <SensorState>Present</SensorState>
          <HeartRateBpm>
            <Value>151</Value>
          </HeartRateBpm>
          <Extensions>
            <TPX xmlns="https://www.garmin.com/xmlschemas/ActivityExtension/v2">
              <Watts>154</Watts>
            </TPX>
          </Extensions>
        </Trackpoint>
        <Trackpoint>
          <Time>2026-07-30T13:44:02Z</Time>
          <DistanceMeters>471.1</DistanceMeters>
          <Cadence>30</Cadence>
          <SensorState>Present</SensorState>
          <HeartRateBpm>
            <Value>151</Value>
          </HeartRateBpm>
          <Extensions>
            <TPX xmlns="https://www.garmin.com/xmlschemas/ActivityExtension/v2">
              <Watts>147</Watts>
            </TPX>
          </Extensions>
        </Trackpoint>
        <Trackpoint>
          <Time>2026-07-30T13:44:04Z</Time>
          <DistanceMeters>478.6</DistanceMeters>
          <Cadence>30</Cadence>
          <SensorState>Present</SensorState>
          <HeartRateBpm>
            <Value>150</Value>
          </HeartRateBpm>
          <Extensions>
            <TPX xmlns="https://www.garmin.com/xmlschemas/ActivityExtension/v2">
              <Watts>147</Watts>
            </TPX>
          </Extensions>
        </Trackpoint>
        <Trackpoint>
          <Time>2026-07-30T13:44:06Z</Time>
          <DistanceMeters>486.5</DistanceMeters>
          <Cadence>31</Cadence>
          <SensorState>Present</SensorState>
          <HeartRateBpm>
            <Value>151</Value>
          </HeartRateBpm>
          <Extensions>
            <TPX xmlns="https://www.garmin.com/xmlschemas/ActivityExtension/v2">
              <Watts>150</Watts>
            </TPX>
          </Extensions>
        </Trackpoint>
        <Trackpoint>
          <Time>2026-07-30T13:44:08Z</Time>
          <DistanceMeters>494.5</DistanceMeters>
          <Cadence>29</Cadence>
          <SensorState>Present</SensorState>
          <HeartRateBpm>
            <Value>151</Value>
          </HeartRateBpm>
          <Extensions>
            <TPX xmlns="https://www.garmin.com/xmlschemas/ActivityExtension/v2">
              <Watts>157</Watts>
            </TPX>
          </Extensions>
        </Trackpoint>
        <Trackpoint>
          <Time>2026-07-30T13:44:10Z</Time>
          <DistanceMeters>502.3</DistanceMeters>
          <Cadence>29</Cadence>
          <SensorState>Present</SensorState>
          <HeartRateBpm>
            <Value>151</Value>
          </HeartRateBpm>
          <Extensions>
            <TPX xmlns="https://www.garmin.com/xmlschemas/ActivityExtension/v2">
              <Watts>157</Watts>
            </TPX>
          </Extensions>
        </Trackpoint>
        <Trackpoint>
          <Time>2026-07-30T13:44:12Z</Time>
          <DistanceMeters>510.2</DistanceMeters>
          <Cadence>29</Cadence>
          <SensorState>Present</SensorState>
          <HeartRateBpm>
            <Value>152</Value>
          </HeartRateBpm>
          <Extensions>
            <TPX xmlns="https://www.garmin.com/xmlschemas/ActivityExtension/v2">
              <Watts>155</Watts>
            </TPX>
          </Extensions>
        </Trackpoint>
        <Trackpoint>
          <Time>2026-07-30T13:44:14Z</Time>
          <DistanceMeters>518.5</DistanceMeters>
          <Cadence>30</Cadence>
          <SensorState>Present</SensorState>
          <HeartRateBpm>
            <Value>152</Value>
          </HeartRateBpm>
          <Extensions>
            <TPX xmlns="https://www.garmin.com/xmlschemas/ActivityExtension/v2">
              <Watts>161</Watts>
            </TPX>
          </Extensions>
        </Trackpoint>
        <Trackpoint>
          <Time>2026-07-30T13:44:16Z</Time>
          <DistanceMeters>526.8</DistanceMeters>
          <Cadence>28</Cadence>
          <SensorState>Present</SensorState>
          <HeartRateBpm>
            <Value>152</Value>
          </HeartRateBpm>
          <Extensions>
            <TPX xmlns="https://www.garmin.com/xmlschemas/ActivityExtension/v2">
              <Watts>167</Watts>
            </TPX>
          </Extensions>
        </Trackpoint>
        <Trackpoint>
          <Time>2026-07-30T13:44:18Z</Time>
          <DistanceMeters>534.6</DistanceMeters>
          <Cadence>28</Cadence>
          <SensorState>Present</SensorState>
          <HeartRateBpm>
            <Value>153</Value>
          </HeartRateBpm>
          <Extensions>
            <TPX xmlns="https://www.garmin.com/xmlschemas/ActivityExtension/v2">
              <Watts>167</Watts>
            </TPX>
          </Extensions>
        </Trackpoint>
        <Trackpoint>
          <Time>2026-07-30T13:44:20Z</Time>
          <DistanceMeters>542.8</DistanceMeters>
          <Cadence>30</Cadence>
          <SensorState>Present</SensorState>
          <HeartRateBpm>
            <Value>153</Value>
          </HeartRateBpm>
          <Extensions>
            <TPX xmlns="https://www.garmin.com/xmlschemas/ActivityExtension/v2">
              <Watts>167</Watts>
            </TPX>
          </Extensions>
        </Trackpoint>
        <Trackpoint>
          <Time>2026-07-30T13:44:22Z</Time>
          <DistanceMeters>551.3</DistanceMeters>
          <Cadence>29</Cadence>
          <SensorState>Present</SensorState>
          <HeartRateBpm>
            <Value>154</Value>
          </HeartRateBpm>
          <Extensions>
            <TPX xmlns="https://www.garmin.com/xmlschemas/ActivityExtension/v2">
              <Watts>170</Watts>
            </TPX>
          </Extensions>
        </Trackpoint>
        <Trackpoint>
          <Time>2026-07-30T13:44:25Z</Time>
          <DistanceMeters>559.8</DistanceMeters>
          <Cadence>28</Cadence>
          <SensorState>Present</SensorState>
          <HeartRateBpm>
            <Value>155</Value>
          </HeartRateBpm>
          <Extensions>
            <TPX xmlns="https://www.garmin.com/xmlschemas/ActivityExtension/v2">
              <Watts>175</Watts>
            </TPX>
          </Extensions>
        </Trackpoint>
        <Trackpoint>
          <Time>2026-07-30T13:44:27Z</Time>
          <DistanceMeters>568.1</DistanceMeters>
          <Cadence>28</Cadence>
          <SensorState>Present</SensorState>
          <HeartRateBpm>
            <Value>155</Value>
          </HeartRateBpm>
          <Extensions>
            <TPX xmlns="https://www.garmin.com/xmlschemas/ActivityExtension/v2">
              <Watts>166</Watts>
            </TPX>
          </Extensions>
        </Trackpoint>
        <Trackpoint>
          <Time>2026-07-30T13:44:29Z</Time>
          <DistanceMeters>576.1</DistanceMeters>
          <Cadence>28</Cadence>
          <SensorState>Present</SensorState>
          <HeartRateBpm>
            <Value>155</Value>
          </HeartRateBpm>
          <Extensions>
            <TPX xmlns="https://www.garmin.com/xmlschemas/ActivityExtension/v2">
              <Watts>166</Watts>
            </TPX>
          </Extensions>
        </Trackpoint>
        <Trackpoint>
          <Time>2026-07-30T13:44:31Z</Time>
          <DistanceMeters>584.4</DistanceMeters>
          <Cadence>29</Cadence>
          <SensorState>Present</SensorState>
          <HeartRateBpm>
            <Value>155</Value>
          </HeartRateBpm>
          <Extensions>
            <TPX xmlns="https://www.garmin.com/xmlschemas/ActivityExtension/v2">
              <Watts>161</Watts>
            </TPX>
          </Extensions>
        </Trackpoint>
        <Trackpoint>
          <Time>2026-07-30T13:44:33Z</Time>
          <DistanceMeters>592.9</DistanceMeters>
          <Cadence>28</Cadence>
          <SensorState>Present</SensorState>
          <HeartRateBpm>
            <Value>155</Value>
          </HeartRateBpm>
          <Extensions>
            <TPX xmlns="https://www.garmin.com/xmlschemas/ActivityExtension/v2">
              <Watts>166</Watts>
            </TPX>
          </Extensions>
        </Trackpoint>
        <Trackpoint>
          <Time>2026-07-30T13:44:35Z</Time>
          <DistanceMeters>600.9</DistanceMeters>
          <Cadence>29</Cadence>
          <SensorState>Present</SensorState>
          <HeartRateBpm>
            <Value>154</Value>
          </HeartRateBpm>
          <Extensions>
            <TPX xmlns="https://www.garmin.com/xmlschemas/ActivityExtension/v2">
              <Watts>162</Watts>
            </TPX>
          </Extensions>
        </Trackpoint>
        <Trackpoint>
          <Time>2026-07-30T13:44:37Z</Time>
          <DistanceMeters>608.9</DistanceMeters>
          <Cadence>29</Cadence>
          <SensorState>Present</SensorState>
          <HeartRateBpm>
            <Value>154</Value>
          </HeartRateBpm>
          <Extensions>
            <TPX xmlns="https://www.garmin.com/xmlschemas/ActivityExtension/v2">
              <Watts>165</Watts>
            </TPX>
          </Extensions>
        </Trackpoint>
        <Trackpoint>
          <Time>2026-07-30T13:44:39Z</Time>
          <DistanceMeters>617.1</DistanceMeters>
          <Cadence>28</Cadence>
          <SensorState>Present</SensorState>
          <HeartRateBpm>
            <Value>156</Value>
          </HeartRateBpm>
          <Extensions>
            <TPX xmlns="https://www.garmin.com/xmlschemas/ActivityExtension/v2">
              <Watts>155</Watts>
            </TPX>
          </Extensions>
        </Trackpoint>
        <Trackpoint>
          <Time>2026-07-30T13:44:41Z</Time>
          <DistanceMeters>625</DistanceMeters>
          <Cadence>29</Cadence>
          <SensorState>Present</SensorState>
          <HeartRateBpm>
            <Value>156</Value>
          </HeartRateBpm>
          <Extensions>
            <TPX xmlns="https://www.garmin.com/xmlschemas/ActivityExtension/v2">
              <Watts>146</Watts>
            </TPX>
          </Extensions>
        </Trackpoint>
        <Trackpoint>
          <Time>2026-07-30T13:44:44Z</Time>
          <DistanceMeters>632.8</DistanceMeters>
          <Cadence>29</Cadence>
          <SensorState>Present</SensorState>
          <HeartRateBpm>
            <Value>156</Value>
          </HeartRateBpm>
          <Extensions>
            <TPX xmlns="https://www.garmin.com/xmlschemas/ActivityExtension/v2">
              <Watts>150</Watts>
            </TPX>
          </Extensions>
        </Trackpoint>
        <Trackpoint>
          <Time>2026-07-30T13:44:46Z</Time>
          <DistanceMeters>640.9</DistanceMeters>
          <Cadence>29</Cadence>
          <SensorState>Present</SensorState>
          <HeartRateBpm>
            <Value>156</Value>
          </HeartRateBpm>
          <Extensions>
            <TPX xmlns="https://www.garmin.com/xmlschemas/ActivityExtension/v2">
              <Watts>166</Watts>
            </TPX>
          </Extensions>
        </Trackpoint>
        <Trackpoint>
          <Time>2026-07-30T13:44:48Z</Time>
          <DistanceMeters>648.7</DistanceMeters>
          <Cadence>30</Cadence>
          <SensorState>Present</SensorState>
          <HeartRateBpm>
            <Value>156</Value>
          </HeartRateBpm>
          <Extensions>
            <TPX xmlns="https://www.garmin.com/xmlschemas/ActivityExtension/v2">
              <Watts>169</Watts>
            </TPX>
          </Extensions>
        </Trackpoint>
        <Trackpoint>
          <Time>2026-07-30T13:44:50Z</Time>
          <DistanceMeters>656.5</DistanceMeters>
          <Cadence>30</Cadence>
          <SensorState>Present</SensorState>
          <HeartRateBpm>
            <Value>155</Value>
          </HeartRateBpm>
          <Extensions>
            <TPX xmlns="https://www.garmin.com/xmlschemas/ActivityExtension/v2">
              <Watts>169</Watts>
            </TPX>
          </Extensions>
        </Trackpoint>
        <Trackpoint>
          <Time>2026-07-30T13:44:52Z</Time>
          <DistanceMeters>664.5</DistanceMeters>
          <Cadence>30</Cadence>
          <SensorState>Present</SensorState>
          <HeartRateBpm>
            <Value>155</Value>
          </HeartRateBpm>
          <Extensions>
            <TPX xmlns="https://www.garmin.com/xmlschemas/ActivityExtension/v2">
              <Watts>165</Watts>
            </TPX>
          </Extensions>
        </Trackpoint>
        <Trackpoint>
          <Time>2026-07-30T13:44:54Z</Time>
          <DistanceMeters>672.2</DistanceMeters>
          <Cadence>30</Cadence>
          <SensorState>Present</SensorState>
          <HeartRateBpm>
            <Value>154</Value>
          </HeartRateBpm>
          <Extensions>
            <TPX xmlns="https://www.garmin.com/xmlschemas/ActivityExtension/v2">
              <Watts>163</Watts>
            </TPX>
          </Extensions>
        </Trackpoint>
        <Trackpoint>
          <Time>2026-07-30T13:44:56Z</Time>
          <DistanceMeters>680.2</DistanceMeters>
          <Cadence>29</Cadence>
          <SensorState>Present</SensorState>
          <HeartRateBpm>
            <Value>154</Value>
          </HeartRateBpm>
          <Extensions>
            <TPX xmlns="https://www.garmin.com/xmlschemas/ActivityExtension/v2">
              <Watts>164</Watts>
            </TPX>
          </Extensions>
        </Trackpoint>
        <Trackpoint>
          <Time>2026-07-30T13:44:58Z</Time>
          <DistanceMeters>687.9</DistanceMeters>
          <Cadence>30</Cadence>
          <SensorState>Present</SensorState>
          <HeartRateBpm>
            <Value>153</Value>
          </HeartRateBpm>
          <Extensions>
            <TPX xmlns="https://www.garmin.com/xmlschemas/ActivityExtension/v2">
              <Watts>160</Watts>
            </TPX>
          </Extensions>
        </Trackpoint>
        <Trackpoint>
          <Time>2026-07-30T13:45:00Z</Time>
          <DistanceMeters>695.6</DistanceMeters>
          <Cadence>30</Cadence>
          <SensorState>Present</SensorState>
          <HeartRateBpm>
            <Value>153</Value>
          </HeartRateBpm>
          <Extensions>
            <TPX xmlns="https://www.garmin.com/xmlschemas/ActivityExtension/v2">
              <Watts>153</Watts>
            </TPX>
          </Extensions>
        </Trackpoint>
        <Trackpoint>
          <Time>2026-07-30T13:45:02Z</Time>
          <DistanceMeters>702.9</DistanceMeters>
          <Cadence>31</Cadence>
          <SensorState>Present</SensorState>
          <HeartRateBpm>
            <Value>153</Value>
          </HeartRateBpm>
          <Extensions>
            <TPX xmlns="https://www.garmin.com/xmlschemas/ActivityExtension/v2">
              <Watts>143</Watts>
            </TPX>
          </Extensions>
        </Trackpoint>
        <Trackpoint>
          <Time>2026-07-30T13:45:04Z</Time>
          <DistanceMeters>710.6</DistanceMeters>
          <Cadence>30</Cadence>
          <SensorState>Present</SensorState>
          <HeartRateBpm>
            <Value>153</Value>
          </HeartRateBpm>
          <Extensions>
            <TPX xmlns="https://www.garmin.com/xmlschemas/ActivityExtension/v2">
              <Watts>160</Watts>
            </TPX>
          </Extensions>
        </Trackpoint>
        <Trackpoint>
          <Time>2026-07-30T13:45:06Z</Time>
          <DistanceMeters>718.7</DistanceMeters>
          <Cadence>29</Cadence>
          <SensorState>Present</SensorState>
          <HeartRateBpm>
            <Value>152</Value>
          </HeartRateBpm>
          <Extensions>
            <TPX xmlns="https://www.garmin.com/xmlschemas/ActivityExtension/v2">
              <Watts>159</Watts>
            </TPX>
          </Extensions>
        </Trackpoint>
        <Trackpoint>
          <Time>2026-07-30T13:45:08Z</Time>
          <DistanceMeters>726.6</DistanceMeters>
          <Cadence>29</Cadence>
          <SensorState>Present</SensorState>
          <HeartRateBpm>
            <Value>151</Value>
          </HeartRateBpm>
          <Extensions>
            <TPX xmlns="https://www.garmin.com/xmlschemas/ActivityExtension/v2">
              <Watts>154</Watts>
            </TPX>
          </Extensions>
        </Trackpoint>
        <Trackpoint>
          <Time>2026-07-30T13:45:10Z</Time>
          <DistanceMeters>734.6</DistanceMeters>
          <Cadence>29</Cadence>
          <SensorState>Present</SensorState>
          <HeartRateBpm>
            <Value>151</Value>
          </HeartRateBpm>
          <Extensions>
            <TPX xmlns="https://www.garmin.com/xmlschemas/ActivityExtension/v2">
              <Watts>157</Watts>
            </TPX>
          </Extensions>
        </Trackpoint>
        <Trackpoint>
          <Time>2026-07-30T13:45:12Z</Time>
          <DistanceMeters>742.8</DistanceMeters>
          <Cadence>29</Cadence>
          <SensorState>Present</SensorState>
          <HeartRateBpm>
            <Value>151</Value>
          </HeartRateBpm>
          <Extensions>
            <TPX xmlns="https://www.garmin.com/xmlschemas/ActivityExtension/v2">
              <Watts>167</Watts>
            </TPX>
          </Extensions>
        </Trackpoint>
        <Trackpoint>
          <Time>2026-07-30T13:45:14Z</Time>
          <DistanceMeters>750.7</DistanceMeters>
          <Cadence>29</Cadence>
          <SensorState>Present</SensorState>
          <HeartRateBpm>
            <Value>151</Value>
          </HeartRateBpm>
          <Extensions>
            <TPX xmlns="https://www.garmin.com/xmlschemas/ActivityExtension/v2">
              <Watts>167</Watts>
            </TPX>
          </Extensions>
        </Trackpoint>
        <Trackpoint>
          <Time>2026-07-30T13:45:16Z</Time>
          <DistanceMeters>758.5</DistanceMeters>
          <Cadence>31</Cadence>
          <SensorState>Present</SensorState>
          <HeartRateBpm>
            <Value>151</Value>
          </HeartRateBpm>
          <Extensions>
            <TPX xmlns="https://www.garmin.com/xmlschemas/ActivityExtension/v2">
              <Watts>181</Watts>
            </TPX>
          </Extensions>
        </Trackpoint>
        <Trackpoint>
          <Time>2026-07-30T13:45:18Z</Time>
          <DistanceMeters>766.4</DistanceMeters>
          <Cadence>31</Cadence>
          <SensorState>Present</SensorState>
          <HeartRateBpm>
            <Value>151</Value>
          </HeartRateBpm>
          <Extensions>
            <TPX xmlns="https://www.garmin.com/xmlschemas/ActivityExtension/v2">
              <Watts>181</Watts>
            </TPX>
          </Extensions>
        </Trackpoint>
        <Trackpoint>
          <Time>2026-07-30T13:45:20Z</Time>
          <DistanceMeters>774.4</DistanceMeters>
          <Cadence>31</Cadence>
          <SensorState>Present</SensorState>
          <HeartRateBpm>
            <Value>152</Value>
          </HeartRateBpm>
          <Extensions>
            <TPX xmlns="https://www.garmin.com/xmlschemas/ActivityExtension/v2">
              <Watts>190</Watts>
            </TPX>
          </Extensions>
        </Trackpoint>
        <Trackpoint>
          <Time>2026-07-30T13:45:22Z</Time>
          <DistanceMeters>782.4</DistanceMeters>
          <Cadence>30</Cadence>
          <SensorState>Present</SensorState>
          <HeartRateBpm>
            <Value>152</Value>
          </HeartRateBpm>
          <Extensions>
            <TPX xmlns="https://www.garmin.com/xmlschemas/ActivityExtension/v2">
              <Watts>188</Watts>
            </TPX>
          </Extensions>
        </Trackpoint>
        <Trackpoint>
          <Time>2026-07-30T13:45:24Z</Time>
          <DistanceMeters>790.1</DistanceMeters>
          <Cadence>31</Cadence>
          <SensorState>Present</SensorState>
          <HeartRateBpm>
            <Value>152</Value>
          </HeartRateBpm>
          <Extensions>
            <TPX xmlns="https://www.garmin.com/xmlschemas/ActivityExtension/v2">
              <Watts>180</Watts>
            </TPX>
          </Extensions>
        </Trackpoint>
        <Trackpoint>
          <Time>2026-07-30T13:45:26Z</Time>
          <DistanceMeters>798.2</DistanceMeters>
          <Cadence>31</Cadence>
          <SensorState>Present</SensorState>
          <HeartRateBpm>
            <Value>153</Value>
          </HeartRateBpm>
          <Extensions>
            <TPX xmlns="https://www.garmin.com/xmlschemas/ActivityExtension/v2">
              <Watts>180</Watts>
            </TPX>
          </Extensions>
        </Trackpoint>
        <Trackpoint>
          <Time>2026-07-30T13:45:28Z</Time>
          <DistanceMeters>806.1</DistanceMeters>
          <Cadence>31</Cadence>
          <SensorState>Present</SensorState>
          <HeartRateBpm>
            <Value>153</Value>
          </HeartRateBpm>
          <Extensions>
            <TPX xmlns="https://www.garmin.com/xmlschemas/ActivityExtension/v2">
              <Watts>181</Watts>
            </TPX>
          </Extensions>
        </Trackpoint>
        <Trackpoint>
          <Time>2026-07-30T13:45:30Z</Time>
          <DistanceMeters>814</DistanceMeters>
          <Cadence>30</Cadence>
          <SensorState>Present</SensorState>
          <HeartRateBpm>
            <Value>153</Value>
          </HeartRateBpm>
          <Extensions>
            <TPX xmlns="https://www.garmin.com/xmlschemas/ActivityExtension/v2">
              <Watts>167</Watts>
            </TPX>
          </Extensions>
        </Trackpoint>
        <Trackpoint>
          <Time>2026-07-30T13:45:32Z</Time>
          <DistanceMeters>821.5</DistanceMeters>
          <Cadence>30</Cadence>
          <SensorState>Present</SensorState>
          <HeartRateBpm>
            <Value>154</Value>
          </HeartRateBpm>
          <Extensions>
            <TPX xmlns="https://www.garmin.com/xmlschemas/ActivityExtension/v2">
              <Watts>167</Watts>
            </TPX>
          </Extensions>
        </Trackpoint>
        <Trackpoint>
          <Time>2026-07-30T13:45:33Z</Time>
          <DistanceMeters>829.4</DistanceMeters>
          <Cadence>31</Cadence>
          <SensorState>Present</SensorState>
          <HeartRateBpm>
            <Value>154</Value>
          </HeartRateBpm>
          <Extensions>
            <TPX xmlns="https://www.garmin.com/xmlschemas/ActivityExtension/v2">
              <Watts>193</Watts>
            </TPX>
          </Extensions>
        </Trackpoint>
        <Trackpoint>
          <Time>2026-07-30T13:45:35Z</Time>
          <DistanceMeters>837.2</DistanceMeters>
          <Cadence>32</Cadence>
          <SensorState>Present</SensorState>
          <HeartRateBpm>
            <Value>154</Value>
          </HeartRateBpm>
          <Extensions>
            <TPX xmlns="https://www.garmin.com/xmlschemas/ActivityExtension/v2">
              <Watts>189</Watts>
            </TPX>
          </Extensions>
        </Trackpoint>
        <Trackpoint>
          <Time>2026-07-30T13:45:37Z</Time>
          <DistanceMeters>845.2</DistanceMeters>
          <Cadence>30</Cadence>
          <SensorState>Present</SensorState>
          <HeartRateBpm>
            <Value>154</Value>
          </HeartRateBpm>
          <Extensions>
            <TPX xmlns="https://www.garmin.com/xmlschemas/ActivityExtension/v2">
              <Watts>184</Watts>
            </TPX>
          </Extensions>
        </Trackpoint>
        <Trackpoint>
          <Time>2026-07-30T13:45:39Z</Time>
          <DistanceMeters>853.3</DistanceMeters>
          <Cadence>30</Cadence>
          <SensorState>Present</SensorState>
          <HeartRateBpm>
            <Value>154</Value>
          </HeartRateBpm>
          <Extensions>
            <TPX xmlns="https://www.garmin.com/xmlschemas/ActivityExtension/v2">
              <Watts>184</Watts>
            </TPX>
          </Extensions>
        </Trackpoint>
        <Trackpoint>
          <Time>2026-07-30T13:45:41Z</Time>
          <DistanceMeters>861.2</DistanceMeters>
          <Cadence>30</Cadence>
          <SensorState>Present</SensorState>
          <HeartRateBpm>
            <Value>155</Value>
          </HeartRateBpm>
          <Extensions>
            <TPX xmlns="https://www.garmin.com/xmlschemas/ActivityExtension/v2">
              <Watts>186</Watts>
            </TPX>
          </Extensions>
        </Trackpoint>
        <Trackpoint>
          <Time>2026-07-30T13:45:43Z</Time>
          <DistanceMeters>869</DistanceMeters>
          <Cadence>30</Cadence>
          <SensorState>Present</SensorState>
          <HeartRateBpm>
            <Value>154</Value>
          </HeartRateBpm>
          <Extensions>
            <TPX xmlns="https://www.garmin.com/xmlschemas/ActivityExtension/v2">
              <Watts>167</Watts>
            </TPX>
          </Extensions>
        </Trackpoint>
        <Trackpoint>
          <Time>2026-07-30T13:45:45Z</Time>
          <DistanceMeters>876.9</DistanceMeters>
          <Cadence>30</Cadence>
          <SensorState>Present</SensorState>
          <HeartRateBpm>
            <Value>154</Value>
          </HeartRateBpm>
          <Extensions>
            <TPX xmlns="https://www.garmin.com/xmlschemas/ActivityExtension/v2">
              <Watts>170</Watts>
            </TPX>
          </Extensions>
        </Trackpoint>
        <Trackpoint>
          <Time>2026-07-30T13:45:47Z</Time>
          <DistanceMeters>884.7</DistanceMeters>
          <Cadence>30</Cadence>
          <SensorState>Present</SensorState>
          <HeartRateBpm>
            <Value>154</Value>
          </HeartRateBpm>
          <Extensions>
            <TPX xmlns="https://www.garmin.com/xmlschemas/ActivityExtension/v2">
              <Watts>168</Watts>
            </TPX>
          </Extensions>
        </Trackpoint>
        <Trackpoint>
          <Time>2026-07-30T13:45:49Z</Time>
          <DistanceMeters>892.6</DistanceMeters>
          <Cadence>30</Cadence>
          <SensorState>Present</SensorState>
          <HeartRateBpm>
            <Value>154</Value>
          </HeartRateBpm>
          <Extensions>
            <TPX xmlns="https://www.garmin.com/xmlschemas/ActivityExtension/v2">
              <Watts>168</Watts>
            </TPX>
          </Extensions>
        </Trackpoint>
        <Trackpoint>
          <Time>2026-07-30T13:45:51Z</Time>
          <DistanceMeters>900.5</DistanceMeters>
          <Cadence>30</Cadence>
          <SensorState>Present</SensorState>
          <HeartRateBpm>
            <Value>153</Value>
          </HeartRateBpm>
          <Extensions>
            <TPX xmlns="https://www.garmin.com/xmlschemas/ActivityExtension/v2">
              <Watts>171</Watts>
            </TPX>
          </Extensions>
        </Trackpoint>
        <Trackpoint>
          <Time>2026-07-30T13:45:53Z</Time>
          <DistanceMeters>908.4</DistanceMeters>
          <Cadence>30</Cadence>
          <SensorState>Present</SensorState>
          <HeartRateBpm>
            <Value>153</Value>
          </HeartRateBpm>
          <Extensions>
            <TPX xmlns="https://www.garmin.com/xmlschemas/ActivityExtension/v2">
              <Watts>170</Watts>
            </TPX>
          </Extensions>
        </Trackpoint>
        <Trackpoint>
          <Time>2026-07-30T13:45:55Z</Time>
          <DistanceMeters>916.3</DistanceMeters>
          <Cadence>30</Cadence>
          <SensorState>Present</SensorState>
          <HeartRateBpm>
            <Value>153</Value>
          </HeartRateBpm>
          <Extensions>
            <TPX xmlns="https://www.garmin.com/xmlschemas/ActivityExtension/v2">
              <Watts>163</Watts>
            </TPX>
          </Extensions>
        </Trackpoint>
        <Trackpoint>
          <Time>2026-07-30T13:45:57Z</Time>
          <DistanceMeters>924.1</DistanceMeters>
          <Cadence>30</Cadence>
          <SensorState>Present</SensorState>
          <HeartRateBpm>
            <Value>152</Value>
          </HeartRateBpm>
          <Extensions>
            <TPX xmlns="https://www.garmin.com/xmlschemas/ActivityExtension/v2">
              <Watts>163</Watts>
            </TPX>
          </Extensions>
        </Trackpoint>
        <Trackpoint>
          <Time>2026-07-30T13:46:00Z</Time>
          <DistanceMeters>932.5</DistanceMeters>
          <Cadence>28</Cadence>
          <SensorState>Present</SensorState>
          <HeartRateBpm>
            <Value>152</Value>
          </HeartRateBpm>
          <Extensions>
            <TPX xmlns="https://www.garmin.com/xmlschemas/ActivityExtension/v2">
              <Watts>163</Watts>
            </TPX>
          </Extensions>
        </Trackpoint>
      </Track>
    </Lap>
    <Lap StartTime="2026-07-30T13:46:00Z ">
      <TotalTimeSeconds>180</TotalTimeSeconds>
      <DistanceMeters>517</DistanceMeters>
      <MaximumSpeed>3.88</MaximumSpeed>
      <Calories>26</Calories>
      <Intensity>Resting</Intensity>
      <TriggerMethod>Manual</TriggerMethod>
      <Track>
        <Trackpoint>
          <Time>2026-07-30T13:46:02Z</Time>
          <DistanceMeters>7.8</DistanceMeters>
          <Cadence>28</Cadence>
          <SensorState>Present</SensorState>
          <HeartRateBpm>
            <Value>152</Value>
          </HeartRateBpm>
          <Extensions>
            <TPX xmlns="https://www.garmin.com/xmlschemas/ActivityExtension/v2">
              <Watts>163</Watts>
            </TPX>
          </Extensions>
        </Trackpoint>
        <Trackpoint>
          <Time>2026-07-30T13:46:02Z</Time>
          <DistanceMeters>24.7</DistanceMeters>
          <Cadence>28</Cadence>
          <SensorState>Present</SensorState>
          <HeartRateBpm>
            <Value>150</Value>
          </HeartRateBpm>
          <Extensions>
            <TPX xmlns="https://www.garmin.com/xmlschemas/ActivityExtension/v2">
              <Watts>20</Watts>
            </TPX>
          </Extensions>
        </Trackpoint>
        <Trackpoint>
          <Time>2026-07-30T13:46:03Z</Time>
          <DistanceMeters>37</DistanceMeters>
          <Cadence>28</Cadence>
          <SensorState>Present</SensorState>
          <HeartRateBpm>
            <Value>147</Value>
          </HeartRateBpm>
          <Extensions>
            <TPX xmlns="https://www.garmin.com/xmlschemas/ActivityExtension/v2">
              <Watts>17</Watts>
            </TPX>
          </Extensions>
        </Trackpoint>
        <Trackpoint>
          <Time>2026-07-30T13:46:05Z</Time>
          <DistanceMeters>42.5</DistanceMeters>
          <Cadence>28</Cadence>
          <SensorState>Present</SensorState>
          <HeartRateBpm>
            <Value>146</Value>
          </HeartRateBpm>
          <Extensions>
            <TPX xmlns="https://www.garmin.com/xmlschemas/ActivityExtension/v2">
              <Watts>36</Watts>
            </TPX>
          </Extensions>
        </Trackpoint>
        <Trackpoint>
          <Time>2026-07-30T13:46:08Z</Time>
          <DistanceMeters>49.1</DistanceMeters>
          <Cadence>28</Cadence>
          <SensorState>Present</SensorState>
          <HeartRateBpm>
            <Value>146</Value>
          </HeartRateBpm>
          <Extensions>
            <TPX xmlns="https://www.garmin.com/xmlschemas/ActivityExtension/v2">
              <Watts>42</Watts>
            </TPX>
          </Extensions>
        </Trackpoint>
        <Trackpoint>
          <Time>2026-07-30T13:46:11Z</Time>
          <DistanceMeters>56.1</DistanceMeters>
          <Cadence>28</Cadence>
          <SensorState>Present</SensorState>
          <HeartRateBpm>
            <Value>145</Value>
          </HeartRateBpm>
          <Extensions>
            <TPX xmlns="https://www.garmin.com/xmlschemas/ActivityExtension/v2">
              <Watts>41</Watts>
            </TPX>
          </Extensions>
        </Trackpoint>
        <Trackpoint>
          <Time>2026-07-30T13:46:14Z</Time>
          <DistanceMeters>62.6</DistanceMeters>
          <Cadence>28</Cadence>
          <SensorState>Present</SensorState>
          <HeartRateBpm>
            <Value>144</Value>
          </HeartRateBpm>
          <Extensions>
            <TPX xmlns="https://www.garmin.com/xmlschemas/ActivityExtension/v2">
              <Watts>42</Watts>
            </TPX>
          </Extensions>
        </Trackpoint>
        <Trackpoint>
          <Time>2026-07-30T13:46:16Z</Time>
          <DistanceMeters>68.8</DistanceMeters>
          <Cadence>28</Cadence>
          <SensorState>Present</SensorState>
          <HeartRateBpm>
            <Value>142</Value>
          </HeartRateBpm>
          <Extensions>
            <TPX xmlns="https://www.garmin.com/xmlschemas/ActivityExtension/v2">
              <Watts>48</Watts>
            </TPX>
          </Extensions>
        </Trackpoint>
        <Trackpoint>
          <Time>2026-07-30T13:46:18Z</Time>
          <DistanceMeters>75</DistanceMeters>
          <Cadence>28</Cadence>
          <SensorState>Present</SensorState>
          <HeartRateBpm>
            <Value>142</Value>
          </HeartRateBpm>
          <Extensions>
            <TPX xmlns="https://www.garmin.com/xmlschemas/ActivityExtension/v2">
              <Watts>48</Watts>
            </TPX>
          </Extensions>
        </Trackpoint>
        <Trackpoint>
          <Time>2026-07-30T13:46:21Z</Time>
          <DistanceMeters>81.3</DistanceMeters>
          <Cadence>28</Cadence>
          <SensorState>Present</SensorState>
          <HeartRateBpm>
            <Value>141</Value>
          </HeartRateBpm>
          <Extensions>
            <TPX xmlns="https://www.garmin.com/xmlschemas/ActivityExtension/v2">
              <Watts>48</Watts>
            </TPX>
          </Extensions>
        </Trackpoint>
        <Trackpoint>
          <Time>2026-07-30T13:46:23Z</Time>
          <DistanceMeters>88.3</DistanceMeters>
          <Cadence>28</Cadence>
          <SensorState>Present</SensorState>
          <HeartRateBpm>
            <Value>140</Value>
          </HeartRateBpm>
          <Extensions>
            <TPX xmlns="https://www.garmin.com/xmlschemas/ActivityExtension/v2">
              <Watts>49</Watts>
            </TPX>
          </Extensions>
        </Trackpoint>
        <Trackpoint>
          <Time>2026-07-30T13:46:26Z</Time>
          <DistanceMeters>96.1</DistanceMeters>
          <Cadence>28</Cadence>
          <SensorState>Present</SensorState>
          <HeartRateBpm>
            <Value>140</Value>
          </HeartRateBpm>
          <Extensions>
            <TPX xmlns="https://www.garmin.com/xmlschemas/ActivityExtension/v2">
              <Watts>79</Watts>
            </TPX>
          </Extensions>
        </Trackpoint>
        <Trackpoint>
          <Time>2026-07-30T13:46:28Z</Time>
          <DistanceMeters>104.4</DistanceMeters>
          <Cadence>28</Cadence>
          <SensorState>Present</SensorState>
          <HeartRateBpm>
            <Value>141</Value>
          </HeartRateBpm>
          <Extensions>
            <TPX xmlns="https://www.garmin.com/xmlschemas/ActivityExtension/v2">
              <Watts>94</Watts>
            </TPX>
          </Extensions>
        </Trackpoint>
        <Trackpoint>
          <Time>2026-07-30T13:46:31Z</Time>
          <DistanceMeters>111.4</DistanceMeters>
          <Cadence>28</Cadence>
          <SensorState>Present</SensorState>
          <HeartRateBpm>
            <Value>141</Value>
          </HeartRateBpm>
          <Extensions>
            <TPX xmlns="https://www.garmin.com/xmlschemas/ActivityExtension/v2">
              <Watts>94</Watts>
            </TPX>
          </Extensions>
        </Trackpoint>
        <Trackpoint>
          <Time>2026-07-30T13:46:33Z</Time>
          <DistanceMeters>118.3</DistanceMeters>
          <Cadence>28</Cadence>
          <SensorState>Present</SensorState>
          <HeartRateBpm>
            <Value>140</Value>
          </HeartRateBpm>
          <Extensions>
            <TPX xmlns="https://www.garmin.com/xmlschemas/ActivityExtension/v2">
              <Watts>61</Watts>
            </TPX>
          </Extensions>
        </Trackpoint>
        <Trackpoint>
          <Time>2026-07-30T13:46:36Z</Time>
          <DistanceMeters>125.4</DistanceMeters>
          <Cadence>28</Cadence>
          <SensorState>Present</SensorState>
          <HeartRateBpm>
            <Value>141</Value>
          </HeartRateBpm>
          <Extensions>
            <TPX xmlns="https://www.garmin.com/xmlschemas/ActivityExtension/v2">
              <Watts>61</Watts>
            </TPX>
          </Extensions>
        </Trackpoint>
        <Trackpoint>
          <Time>2026-07-30T13:46:38Z</Time>
          <DistanceMeters>132.2</DistanceMeters>
          <Cadence>28</Cadence>
          <SensorState>Present</SensorState>
          <HeartRateBpm>
            <Value>141</Value>
          </HeartRateBpm>
          <Extensions>
            <TPX xmlns="https://www.garmin.com/xmlschemas/ActivityExtension/v2">
              <Watts>61</Watts>
            </TPX>
          </Extensions>
        </Trackpoint>
        <Trackpoint>
          <Time>2026-07-30T13:46:41Z</Time>
          <DistanceMeters>139.2</DistanceMeters>
          <Cadence>28</Cadence>
          <SensorState>Present</SensorState>
          <HeartRateBpm>
            <Value>140</Value>
          </HeartRateBpm>
          <Extensions>
            <TPX xmlns="https://www.garmin.com/xmlschemas/ActivityExtension/v2">
              <Watts>63</Watts>
            </TPX>
          </Extensions>
        </Trackpoint>
        <Trackpoint>
          <Time>2026-07-30T13:46:43Z</Time>
          <DistanceMeters>146.4</DistanceMeters>
          <Cadence>28</Cadence>
          <SensorState>Present</SensorState>
          <HeartRateBpm>
            <Value>140</Value>
          </HeartRateBpm>
          <Extensions>
            <TPX xmlns="https://www.garmin.com/xmlschemas/ActivityExtension/v2">
              <Watts>70</Watts>
            </TPX>
          </Extensions>
        </Trackpoint>
        <Trackpoint>
          <Time>2026-07-30T13:46:46Z</Time>
          <DistanceMeters>153.5</DistanceMeters>
          <Cadence>28</Cadence>
          <SensorState>Present</SensorState>
          <HeartRateBpm>
            <Value>140</Value>
          </HeartRateBpm>
          <Extensions>
            <TPX xmlns="https://www.garmin.com/xmlschemas/ActivityExtension/v2">
              <Watts>71</Watts>
            </TPX>
          </Extensions>
        </Trackpoint>
        <Trackpoint>
          <Time>2026-07-30T13:46:48Z</Time>
          <DistanceMeters>160.9</DistanceMeters>
          <Cadence>28</Cadence>
          <SensorState>Present</SensorState>
          <HeartRateBpm>
            <Value>140</Value>
          </HeartRateBpm>
          <Extensions>
            <TPX xmlns="https://www.garmin.com/xmlschemas/ActivityExtension/v2">
              <Watts>83</Watts>
            </TPX>
          </Extensions>
        </Trackpoint>
        <Trackpoint>
          <Time>2026-07-30T13:46:50Z</Time>
          <DistanceMeters>168</DistanceMeters>
          <Cadence>28</Cadence>
          <SensorState>Present</SensorState>
          <HeartRateBpm>
            <Value>140</Value>
          </HeartRateBpm>
          <Extensions>
            <TPX xmlns="https://www.garmin.com/xmlschemas/ActivityExtension/v2">
              <Watts>83</Watts>
            </TPX>
          </Extensions>
        </Trackpoint>
        <Trackpoint>
          <Time>2026-07-30T13:46:52Z</Time>
          <DistanceMeters>174.9</DistanceMeters>
          <Cadence>28</Cadence>
          <SensorState>Present</SensorState>
          <HeartRateBpm>
            <Value>140</Value>
          </HeartRateBpm>
          <Extensions>
            <TPX xmlns="https://www.garmin.com/xmlschemas/ActivityExtension/v2">
              <Watts>84</Watts>
            </TPX>
          </Extensions>
        </Trackpoint>
        <Trackpoint>
          <Time>2026-07-30T13:46:55Z</Time>
          <DistanceMeters>181.9</DistanceMeters>
          <Cadence>28</Cadence>
          <SensorState>Present</SensorState>
          <HeartRateBpm>
            <Value>139</Value>
          </HeartRateBpm>
          <Extensions>
            <TPX xmlns="https://www.garmin.com/xmlschemas/ActivityExtension/v2">
              <Watts>81</Watts>
            </TPX>
          </Extensions>
        </Trackpoint>
        <Trackpoint>
          <Time>2026-07-30T13:46:57Z</Time>
          <DistanceMeters>189</DistanceMeters>
          <Cadence>28</Cadence>
          <SensorState>Present</SensorState>
          <HeartRateBpm>
            <Value>138</Value>
          </HeartRateBpm>
          <Extensions>
            <TPX xmlns="https://www.garmin.com/xmlschemas/ActivityExtension/v2">
              <Watts>81</Watts>
            </TPX>
          </Extensions>
        </Trackpoint>
        <Trackpoint>
          <Time>2026-07-30T13:46:59Z</Time>
          <DistanceMeters>196.3</DistanceMeters>
          <Cadence>28</Cadence>
          <SensorState>Present</SensorState>
          <HeartRateBpm>
            <Value>138</Value>
          </HeartRateBpm>
          <Extensions>
            <TPX xmlns="https://www.garmin.com/xmlschemas/ActivityExtension/v2">
              <Watts>79</Watts>
            </TPX>
          </Extensions>
        </Trackpoint>
        <Trackpoint>
          <Time>2026-07-30T13:47:02Z</Time>
          <DistanceMeters>203.6</DistanceMeters>
          <Cadence>28</Cadence>
          <SensorState>Present</SensorState>
          <HeartRateBpm>
            <Value>137</Value>
          </HeartRateBpm>
          <Extensions>
            <TPX xmlns="https://www.garmin.com/xmlschemas/ActivityExtension/v2">
              <Watts>79</Watts>
            </TPX>
          </Extensions>
        </Trackpoint>
        <Trackpoint>
          <Time>2026-07-30T13:47:04Z</Time>
          <DistanceMeters>211.1</DistanceMeters>
          <Cadence>28</Cadence>
          <SensorState>Present</SensorState>
          <HeartRateBpm>
            <Value>137</Value>
          </HeartRateBpm>
          <Extensions>
            <TPX xmlns="https://www.garmin.com/xmlschemas/ActivityExtension/v2">
              <Watts>85</Watts>
            </TPX>
          </Extensions>
        </Trackpoint>
        <Trackpoint>
          <Time>2026-07-30T13:47:07Z</Time>
          <DistanceMeters>218.7</DistanceMeters>
          <Cadence>28</Cadence>
          <SensorState>Present</SensorState>
          <HeartRateBpm>
            <Value>136</Value>
          </HeartRateBpm>
          <Extensions>
            <TPX xmlns="https://www.garmin.com/xmlschemas/ActivityExtension/v2">
              <Watts>88</Watts>
            </TPX>
          </Extensions>
        </Trackpoint>
        <Trackpoint>
          <Time>2026-07-30T13:47:09Z</Time>
          <DistanceMeters>226.2</DistanceMeters>
          <Cadence>28</Cadence>
          <SensorState>Present</SensorState>
          <HeartRateBpm>
            <Value>136</Value>
          </HeartRateBpm>
          <Extensions>
            <TPX xmlns="https://www.garmin.com/xmlschemas/ActivityExtension/v2">
              <Watts>89</Watts>
            </TPX>
          </Extensions>
        </Trackpoint>
        <Trackpoint>
          <Time>2026-07-30T13:47:11Z</Time>
          <DistanceMeters>233.8</DistanceMeters>
          <Cadence>28</Cadence>
          <SensorState>Present</SensorState>
          <HeartRateBpm>
            <Value>136</Value>
          </HeartRateBpm>
          <Extensions>
            <TPX xmlns="https://www.garmin.com/xmlschemas/ActivityExtension/v2">
              <Watts>89</Watts>
            </TPX>
          </Extensions>
        </Trackpoint>
        <Trackpoint>
          <Time>2026-07-30T13:47:14Z</Time>
          <DistanceMeters>241.5</DistanceMeters>
          <Cadence>28</Cadence>
          <SensorState>Present</SensorState>
          <HeartRateBpm>
            <Value>135</Value>
          </HeartRateBpm>
          <Extensions>
            <TPX xmlns="https://www.garmin.com/xmlschemas/ActivityExtension/v2">
              <Watts>91</Watts>
            </TPX>
          </Extensions>
        </Trackpoint>
        <Trackpoint>
          <Time>2026-07-30T13:47:16Z</Time>
          <DistanceMeters>249.2</DistanceMeters>
          <Cadence>28</Cadence>
          <SensorState>Present</SensorState>
          <HeartRateBpm>
            <Value>135</Value>
          </HeartRateBpm>
          <Extensions>
            <TPX xmlns="https://www.garmin.com/xmlschemas/ActivityExtension/v2">
              <Watts>93</Watts>
            </TPX>
          </Extensions>
        </Trackpoint>
        <Trackpoint>
          <Time>2026-07-30T13:47:18Z</Time>
          <DistanceMeters>256.9</DistanceMeters>
          <Cadence>28</Cadence>
          <SensorState>Present</SensorState>
          <HeartRateBpm>
            <Value>136</Value>
          </HeartRateBpm>
          <Extensions>
            <TPX xmlns="https://www.garmin.com/xmlschemas/ActivityExtension/v2">
              <Watts>93</Watts>
            </TPX>
          </Extensions>
        </Trackpoint>
        <Trackpoint>
          <Time>2026-07-30T13:47:21Z</Time>
          <DistanceMeters>264.6</DistanceMeters>
          <Cadence>28</Cadence>
          <SensorState>Present</SensorState>
          <HeartRateBpm>
            <Value>136</Value>
          </HeartRateBpm>
          <Extensions>
            <TPX xmlns="https://www.garmin.com/xmlschemas/ActivityExtension/v2">
              <Watts>93</Watts>
            </TPX>
          </Extensions>
        </Trackpoint>
        <Trackpoint>
          <Time>2026-07-30T13:47:23Z</Time>
          <DistanceMeters>272.2</DistanceMeters>
          <Cadence>28</Cadence>
          <SensorState>Present</SensorState>
          <HeartRateBpm>
            <Value>136</Value>
          </HeartRateBpm>
          <Extensions>
            <TPX xmlns="https://www.garmin.com/xmlschemas/ActivityExtension/v2">
              <Watts>91</Watts>
            </TPX>
          </Extensions>
        </Trackpoint>
        <Trackpoint>
          <Time>2026-07-30T13:47:26Z</Time>
          <DistanceMeters>279.8</DistanceMeters>
          <Cadence>28</Cadence>
          <SensorState>Present</SensorState>
          <HeartRateBpm>
            <Value>136</Value>
          </HeartRateBpm>
          <Extensions>
            <TPX xmlns="https://www.garmin.com/xmlschemas/ActivityExtension/v2">
              <Watts>96</Watts>
            </TPX>
          </Extensions>
        </Trackpoint>
        <Trackpoint>
          <Time>2026-07-30T13:47:28Z</Time>
          <DistanceMeters>287.1</DistanceMeters>
          <Cadence>28</Cadence>
          <SensorState>Present</SensorState>
          <HeartRateBpm>
            <Value>136</Value>
          </HeartRateBpm>
          <Extensions>
            <TPX xmlns="https://www.garmin.com/xmlschemas/ActivityExtension/v2">
              <Watts>96</Watts>
            </TPX>
          </Extensions>
        </Trackpoint>
        <Trackpoint>
          <Time>2026-07-30T13:47:30Z</Time>
          <DistanceMeters>294.5</DistanceMeters>
          <Cadence>28</Cadence>
          <SensorState>Present</SensorState>
          <HeartRateBpm>
            <Value>136</Value>
          </HeartRateBpm>
          <Extensions>
            <TPX xmlns="https://www.garmin.com/xmlschemas/ActivityExtension/v2">
              <Watts>95</Watts>
            </TPX>
          </Extensions>
        </Trackpoint>
        <Trackpoint>
          <Time>2026-07-30T13:47:32Z</Time>
          <DistanceMeters>302.4</DistanceMeters>
          <Cadence>28</Cadence>
          <SensorState>Present</SensorState>
          <HeartRateBpm>
            <Value>136</Value>
          </HeartRateBpm>
          <Extensions>
            <TPX xmlns="https://www.garmin.com/xmlschemas/ActivityExtension/v2">
              <Watts>95</Watts>
            </TPX>
          </Extensions>
        </Trackpoint>
        <Trackpoint>
          <Time>2026-07-30T13:47:35Z</Time>
          <DistanceMeters>310.3</DistanceMeters>
          <Cadence>28</Cadence>
          <SensorState>Present</SensorState>
          <HeartRateBpm>
            <Value>137</Value>
          </HeartRateBpm>
          <Extensions>
            <TPX xmlns="https://www.garmin.com/xmlschemas/ActivityExtension/v2">
              <Watts>97</Watts>
            </TPX>
          </Extensions>
        </Trackpoint>
        <Trackpoint>
          <Time>2026-07-30T13:47:37Z</Time>
          <DistanceMeters>318.2</DistanceMeters>
          <Cadence>28</Cadence>
          <SensorState>Present</SensorState>
          <HeartRateBpm>
            <Value>139</Value>
          </HeartRateBpm>
          <Extensions>
            <TPX xmlns="https://www.garmin.com/xmlschemas/ActivityExtension/v2">
              <Watts>94</Watts>
            </TPX>
          </Extensions>
        </Trackpoint>
        <Trackpoint>
          <Time>2026-07-30T13:47:40Z</Time>
          <DistanceMeters>326.1</DistanceMeters>
          <Cadence>28</Cadence>
          <SensorState>Present</SensorState>
          <HeartRateBpm>
            <Value>140</Value>
          </HeartRateBpm>
          <Extensions>
            <TPX xmlns="https://www.garmin.com/xmlschemas/ActivityExtension/v2">
              <Watts>94</Watts>
            </TPX>
          </Extensions>
        </Trackpoint>
        <Trackpoint>
          <Time>2026-07-30T13:47:42Z</Time>
          <DistanceMeters>334.2</DistanceMeters>
          <Cadence>28</Cadence>
          <SensorState>Present</SensorState>
          <HeartRateBpm>
            <Value>142</Value>
          </HeartRateBpm>
          <Extensions>
            <TPX xmlns="https://www.garmin.com/xmlschemas/ActivityExtension/v2">
              <Watts>102</Watts>
            </TPX>
          </Extensions>
        </Trackpoint>
        <Trackpoint>
          <Time>2026-07-30T13:47:45Z</Time>
          <DistanceMeters>342.4</DistanceMeters>
          <Cadence>28</Cadence>
          <SensorState>Present</SensorState>
          <HeartRateBpm>
            <Value>143</Value>
          </HeartRateBpm>
          <Extensions>
            <TPX xmlns="https://www.garmin.com/xmlschemas/ActivityExtension/v2">
              <Watts>102</Watts>
            </TPX>
          </Extensions>
        </Trackpoint>
        <Trackpoint>
          <Time>2026-07-30T13:47:47Z</Time>
          <DistanceMeters>350.4</DistanceMeters>
          <Cadence>28</Cadence>
          <SensorState>Present</SensorState>
          <HeartRateBpm>
            <Value>144</Value>
          </HeartRateBpm>
          <Extensions>
            <TPX xmlns="https://www.garmin.com/xmlschemas/ActivityExtension/v2">
              <Watts>100</Watts>
            </TPX>
          </Extensions>
        </Trackpoint>
        <Trackpoint>
          <Time>2026-07-30T13:47:49Z</Time>
          <DistanceMeters>358.4</DistanceMeters>
          <Cadence>28</Cadence>
          <SensorState>Present</SensorState>
          <HeartRateBpm>
            <Value>147</Value>
          </HeartRateBpm>
          <Extensions>
            <TPX xmlns="https://www.garmin.com/xmlschemas/ActivityExtension/v2">
              <Watts>98</Watts>
            </TPX>
          </Extensions>
        </Trackpoint>
        <Trackpoint>
          <Time>2026-07-30T13:47:52Z</Time>
          <DistanceMeters>366.2</DistanceMeters>
          <Cadence>28</Cadence>
          <SensorState>Present</SensorState>
          <HeartRateBpm>
            <Value>147</Value>
          </HeartRateBpm>
          <Extensions>
            <TPX xmlns="https://www.garmin.com/xmlschemas/ActivityExtension/v2">
              <Watts>94</Watts>
            </TPX>
          </Extensions>
        </Trackpoint>
        <Trackpoint>
          <Time>2026-07-30T13:47:54Z</Time>
          <DistanceMeters>373.8</DistanceMeters>
          <Cadence>28</Cadence>
          <SensorState>Present</SensorState>
          <HeartRateBpm>
            <Value>148</Value>
          </HeartRateBpm>
          <Extensions>
            <TPX xmlns="https://www.garmin.com/xmlschemas/ActivityExtension/v2">
              <Watts>92</Watts>
            </TPX>
          </Extensions>
        </Trackpoint>
        <Trackpoint>
          <Time>2026-07-30T13:47:56Z</Time>
          <DistanceMeters>381.2</DistanceMeters>
          <Cadence>28</Cadence>
          <SensorState>Present</SensorState>
          <HeartRateBpm>
            <Value>149</Value>
          </HeartRateBpm>
          <Extensions>
            <TPX xmlns="https://www.garmin.com/xmlschemas/ActivityExtension/v2">
              <Watts>93</Watts>
            </TPX>
          </Extensions>
        </Trackpoint>
        <Trackpoint>
          <Time>2026-07-30T13:47:59Z</Time>
          <DistanceMeters>388.7</DistanceMeters>
          <Cadence>28</Cadence>
          <SensorState>Present</SensorState>
          <HeartRateBpm>
            <Value>148</Value>
          </HeartRateBpm>
          <Extensions>
            <TPX xmlns="https://www.garmin.com/xmlschemas/ActivityExtension/v2">
              <Watts>94</Watts>
            </TPX>
          </Extensions>
        </Trackpoint>
        <Trackpoint>
          <Time>2026-07-30T13:48:01Z</Time>
          <DistanceMeters>396.4</DistanceMeters>
          <Cadence>28</Cadence>
          <SensorState>Present</SensorState>
          <HeartRateBpm>
            <Value>147</Value>
          </HeartRateBpm>
          <Extensions>
            <TPX xmlns="https://www.garmin.com/xmlschemas/ActivityExtension/v2">
              <Watts>93</Watts>
            </TPX>
          </Extensions>
        </Trackpoint>
        <Trackpoint>
          <Time>2026-07-30T13:48:04Z</Time>
          <DistanceMeters>404.1</DistanceMeters>
          <Cadence>28</Cadence>
          <SensorState>Present</SensorState>
          <HeartRateBpm>
            <Value>140</Value>
          </HeartRateBpm>
          <Extensions>
            <TPX xmlns="https://www.garmin.com/xmlschemas/ActivityExtension/v2">
              <Watts>93</Watts>
            </TPX>
          </Extensions>
        </Trackpoint>
        <Trackpoint>
          <Time>2026-07-30T13:48:06Z</Time>
          <DistanceMeters>412</DistanceMeters>
          <Cadence>28</Cadence>
          <SensorState>Present</SensorState>
          <HeartRateBpm>
            <Value>139</Value>
          </HeartRateBpm>
          <Extensions>
            <TPX xmlns="https://www.garmin.com/xmlschemas/ActivityExtension/v2">
              <Watts>95</Watts>
            </TPX>
          </Extensions>
        </Trackpoint>
        <Trackpoint>
          <Time>2026-07-30T13:48:08Z</Time>
          <DistanceMeters>420.1</DistanceMeters>
          <Cadence>28</Cadence>
          <SensorState>Present</SensorState>
          <HeartRateBpm>
            <Value>138</Value>
          </HeartRateBpm>
          <Extensions>
            <TPX xmlns="https://www.garmin.com/xmlschemas/ActivityExtension/v2">
              <Watts>95</Watts>
            </TPX>
          </Extensions>
        </Trackpoint>
        <Trackpoint>
          <Time>2026-07-30T13:48:11Z</Time>
          <DistanceMeters>427.6</DistanceMeters>
          <Cadence>28</Cadence>
          <SensorState>Present</SensorState>
          <HeartRateBpm>
            <Value>137</Value>
          </HeartRateBpm>
          <Extensions>
            <TPX xmlns="https://www.garmin.com/xmlschemas/ActivityExtension/v2">
              <Watts>93</Watts>
            </TPX>
          </Extensions>
        </Trackpoint>
        <Trackpoint>
          <Time>2026-07-30T13:48:13Z</Time>
          <DistanceMeters>434.9</DistanceMeters>
          <Cadence>28</Cadence>
          <SensorState>Present</SensorState>
          <HeartRateBpm>
            <Value>137</Value>
          </HeartRateBpm>
          <Extensions>
            <TPX xmlns="https://www.garmin.com/xmlschemas/ActivityExtension/v2">
              <Watts>92</Watts>
            </TPX>
          </Extensions>
        </Trackpoint>
        <Trackpoint>
          <Time>2026-07-30T13:48:15Z</Time>
          <DistanceMeters>442.8</DistanceMeters>
          <Cadence>28</Cadence>
          <SensorState>Present</SensorState>
          <HeartRateBpm>
            <Value>137</Value>
          </HeartRateBpm>
          <Extensions>
            <TPX xmlns="https://www.garmin.com/xmlschemas/ActivityExtension/v2">
              <Watts>92</Watts>
            </TPX>
          </Extensions>
        </Trackpoint>
        <Trackpoint>
          <Time>2026-07-30T13:48:18Z</Time>
          <DistanceMeters>450.7</DistanceMeters>
          <Cadence>28</Cadence>
          <SensorState>Present</SensorState>
          <HeartRateBpm>
            <Value>137</Value>
          </HeartRateBpm>
          <Extensions>
            <TPX xmlns="https://www.garmin.com/xmlschemas/ActivityExtension/v2">
              <Watts>92</Watts>
            </TPX>
          </Extensions>
        </Trackpoint>
        <Trackpoint>
          <Time>2026-07-30T13:48:20Z</Time>
          <DistanceMeters>458.6</DistanceMeters>
          <Cadence>28</Cadence>
          <SensorState>Present</SensorState>
          <HeartRateBpm>
            <Value>137</Value>
          </HeartRateBpm>
          <Extensions>
            <TPX xmlns="https://www.garmin.com/xmlschemas/ActivityExtension/v2">
              <Watts>98</Watts>
            </TPX>
          </Extensions>
        </Trackpoint>
        <Trackpoint>
          <Time>2026-07-30T13:48:23Z</Time>
          <DistanceMeters>466.4</DistanceMeters>
          <Cadence>28</Cadence>
          <SensorState>Present</SensorState>
          <HeartRateBpm>
            <Value>136</Value>
          </HeartRateBpm>
          <Extensions>
            <TPX xmlns="https://www.garmin.com/xmlschemas/ActivityExtension/v2">
              <Watts>98</Watts>
            </TPX>
          </Extensions>
        </Trackpoint>
        <Trackpoint>
          <Time>2026-07-30T13:48:25Z</Time>
          <DistanceMeters>474.1</DistanceMeters>
          <Cadence>28</Cadence>
          <SensorState>Present</SensorState>
          <HeartRateBpm>
            <Value>134</Value>
          </HeartRateBpm>
          <Extensions>
            <TPX xmlns="https://www.garmin.com/xmlschemas/ActivityExtension/v2">
              <Watts>100</Watts>
            </TPX>
          </Extensions>
        </Trackpoint>
        <Trackpoint>
          <Time>2026-07-30T13:48:27Z</Time>
          <DistanceMeters>481.8</DistanceMeters>
          <Cadence>28</Cadence>
          <SensorState>Present</SensorState>
          <HeartRateBpm>
            <Value>134</Value>
          </HeartRateBpm>
          <Extensions>
            <TPX xmlns="https://www.garmin.com/xmlschemas/ActivityExtension/v2">
              <Watts>104</Watts>
            </TPX>
          </Extensions>
        </Trackpoint>
        <Trackpoint>
          <Time>2026-07-30T13:48:30Z</Time>
          <DistanceMeters>489.5</DistanceMeters>
          <Cadence>28</Cadence>
          <SensorState>Present</SensorState>
          <HeartRateBpm>
            <Value>134</Value>
          </HeartRateBpm>
          <Extensions>
            <TPX xmlns="https://www.garmin.com/xmlschemas/ActivityExtension/v2">
              <Watts>106</Watts>
            </TPX>
          </Extensions>
        </Trackpoint>
        <Trackpoint>
          <Time>2026-07-30T13:48:32Z</Time>
          <DistanceMeters>497.2</DistanceMeters>
          <Cadence>28</Cadence>
          <SensorState>Present</SensorState>
          <HeartRateBpm>
            <Value>135</Value>
          </HeartRateBpm>
          <Extensions>
            <TPX xmlns="https://www.garmin.com/xmlschemas/ActivityExtension/v2">
              <Watts>101</Watts>
            </TPX>
          </Extensions>
        </Trackpoint>
        <Trackpoint>
          <Time>2026-07-30T13:48:34Z</Time>
          <DistanceMeters>505.2</DistanceMeters>
          <Cadence>28</Cadence>
          <SensorState>Present</SensorState>
          <HeartRateBpm>
            <Value>135</Value>
          </HeartRateBpm>
          <Extensions>
            <TPX xmlns="https://www.garmin.com/xmlschemas/ActivityExtension/v2">
              <Watts>106</Watts>
            </TPX>
          </Extensions>
        </Trackpoint>
        <Trackpoint>
          <Time>2026-07-30T13:48:36Z</Time>
          <DistanceMeters>513</DistanceMeters>
          <Cadence>28</Cadence>
          <SensorState>Present</SensorState>
          <HeartRateBpm>
            <Value>135</Value>
          </HeartRateBpm>
          <Extensions>
            <TPX xmlns="https://www.garmin.com/xmlschemas/ActivityExtension/v2">
              <Watts>106</Watts>
            </TPX>
          </Extensions>
        </Trackpoint>
      </Track>
    </Lap>
    <Lap StartTime="2026-07-30T13:49:00Z ">
      <TotalTimeSeconds>240</TotalTimeSeconds>
      <DistanceMeters>952</DistanceMeters>
      <MaximumSpeed>4.41</MaximumSpeed>
      <Calories>60</Calories>
      <Intensity>Active</Intensity>
      <TriggerMethod>Manual</TriggerMethod>
      <Track>
        <Trackpoint>
          <Time>2026-07-30T13:49:00Z</Time>
          <DistanceMeters>0</DistanceMeters>
          <Cadence>28</Cadence>
          <SensorState>Present</SensorState>
          <HeartRateBpm>
            <Value>134</Value>
          </HeartRateBpm>
          <Extensions>
            <TPX xmlns="https://www.garmin.com/xmlschemas/ActivityExtension/v2">
              <Watts>105</Watts>
            </TPX>
          </Extensions>
        </Trackpoint>
        <Trackpoint>
          <Time>2026-07-30T13:49:00Z</Time>
          <DistanceMeters>2.1</DistanceMeters>
          <Cadence>0</Cadence>
          <SensorState>Present</SensorState>
          <HeartRateBpm>
            <Value>134</Value>
          </HeartRateBpm>
          <Extensions>
            <TPX xmlns="https://www.garmin.com/xmlschemas/ActivityExtension/v2">
              <Watts></Watts>
            </TPX>
          </Extensions>
        </Trackpoint>
        <Trackpoint>
          <Time>2026-07-30T13:49:02Z</Time>
          <DistanceMeters>10.1</DistanceMeters>
          <Cadence>26</Cadence>
          <SensorState>Present</SensorState>
          <HeartRateBpm>
            <Value>134</Value>
          </HeartRateBpm>
          <Extensions>
            <TPX xmlns="https://www.garmin.com/xmlschemas/ActivityExtension/v2">
              <Watts>115</Watts>
            </TPX>
          </Extensions>
        </Trackpoint>
        <Trackpoint>
          <Time>2026-07-30T13:49:05Z</Time>
          <DistanceMeters>18.7</DistanceMeters>
          <Cadence>26</Cadence>
          <SensorState>Present</SensorState>
          <HeartRateBpm>
            <Value>134</Value>
          </HeartRateBpm>
          <Extensions>
            <TPX xmlns="https://www.garmin.com/xmlschemas/ActivityExtension/v2">
              <Watts>150</Watts>
            </TPX>
          </Extensions>
        </Trackpoint>
        <Trackpoint>
          <Time>2026-07-30T13:49:07Z</Time>
          <DistanceMeters>26.7</DistanceMeters>
          <Cadence>27</Cadence>
          <SensorState>Present</SensorState>
          <HeartRateBpm>
            <Value>135</Value>
          </HeartRateBpm>
          <Extensions>
            <TPX xmlns="https://www.garmin.com/xmlschemas/ActivityExtension/v2">
              <Watts>139</Watts>
            </TPX>
          </Extensions>
        </Trackpoint>
        <Trackpoint>
          <Time>2026-07-30T13:49:09Z</Time>
          <DistanceMeters>35.4</DistanceMeters>
          <Cadence>27</Cadence>
          <SensorState>Present</SensorState>
          <HeartRateBpm>
            <Value>135</Value>
          </HeartRateBpm>
          <Extensions>
            <TPX xmlns="https://www.garmin.com/xmlschemas/ActivityExtension/v2">
              <Watts>139</Watts>
            </TPX>
          </Extensions>
        </Trackpoint>
        <Trackpoint>
          <Time>2026-07-30T13:49:12Z</Time>
          <DistanceMeters>43.7</DistanceMeters>
          <Cadence>26</Cadence>
          <SensorState>Present</SensorState>
          <HeartRateBpm>
            <Value>138</Value>
          </HeartRateBpm>
          <Extensions>
            <TPX xmlns="https://www.garmin.com/xmlschemas/ActivityExtension/v2">
              <Watts>127</Watts>
            </TPX>
          </Extensions>
        </Trackpoint>
        <Trackpoint>
          <Time>2026-07-30T13:49:14Z</Time>
          <DistanceMeters>52.1</DistanceMeters>
          <Cadence>26</Cadence>
          <SensorState>Present</SensorState>
          <HeartRateBpm>
            <Value>137</Value>
          </HeartRateBpm>
          <Extensions>
            <TPX xmlns="https://www.garmin.com/xmlschemas/ActivityExtension/v2">
              <Watts>135</Watts>
            </TPX>
          </Extensions>
        </Trackpoint>
        <Trackpoint>
          <Time>2026-07-30T13:49:16Z</Time>
          <DistanceMeters>60.5</DistanceMeters>
          <Cadence>26</Cadence>
          <SensorState>Present</SensorState>
          <HeartRateBpm>
            <Value>138</Value>
          </HeartRateBpm>
          <Extensions>
            <TPX xmlns="https://www.garmin.com/xmlschemas/ActivityExtension/v2">
              <Watts>135</Watts>
            </TPX>
          </Extensions>
        </Trackpoint>
        <Trackpoint>
          <Time>2026-07-30T13:49:18Z</Time>
          <DistanceMeters>69.1</DistanceMeters>
          <Cadence>26</Cadence>
          <SensorState>Present</SensorState>
          <HeartRateBpm>
            <Value>139</Value>
          </HeartRateBpm>
          <Extensions>
            <TPX xmlns="https://www.garmin.com/xmlschemas/ActivityExtension/v2">
              <Watts>142</Watts>
            </TPX>
          </Extensions>
        </Trackpoint>
        <Trackpoint>
          <Time>2026-07-30T13:49:21Z</Time>
          <DistanceMeters>77.4</DistanceMeters>
          <Cadence>26</Cadence>
          <SensorState>Present</SensorState>
          <HeartRateBpm>
            <Value>140</Value>
          </HeartRateBpm>
          <Extensions>
            <TPX xmlns="https://www.garmin.com/xmlschemas/ActivityExtension/v2">
              <Watts>138</Watts>
            </TPX>
          </Extensions>
        </Trackpoint>
        <Trackpoint>
          <Time>2026-07-30T13:49:23Z</Time>
          <DistanceMeters>85.8</DistanceMeters>
          <Cadence>27</Cadence>
          <SensorState>Present</SensorState>
          <HeartRateBpm>
            <Value>141</Value>
          </HeartRateBpm>
          <Extensions>
            <TPX xmlns="https://www.garmin.com/xmlschemas/ActivityExtension/v2">
              <Watts>140</Watts>
            </TPX>
          </Extensions>
        </Trackpoint>
        <Trackpoint>
          <Time>2026-07-30T13:49:25Z</Time>
          <DistanceMeters>93.9</DistanceMeters>
          <Cadence>27</Cadence>
          <SensorState>Present</SensorState>
          <HeartRateBpm>
            <Value>142</Value>
          </HeartRateBpm>
          <Extensions>
            <TPX xmlns="https://www.garmin.com/xmlschemas/ActivityExtension/v2">
              <Watts>140</Watts>
            </TPX>
          </Extensions>
        </Trackpoint>
        <Trackpoint>
          <Time>2026-07-30T13:49:27Z</Time>
          <DistanceMeters>102.1</DistanceMeters>
          <Cadence>28</Cadence>
          <SensorState>Present</SensorState>
          <HeartRateBpm>
            <Value>142</Value>
          </HeartRateBpm>
          <Extensions>
            <TPX xmlns="https://www.garmin.com/xmlschemas/ActivityExtension/v2">
              <Watts>160</Watts>
            </TPX>
          </Extensions>
        </Trackpoint>
        <Trackpoint>
          <Time>2026-07-30T13:49:29Z</Time>
          <DistanceMeters>110.2</DistanceMeters>
          <Cadence>29</Cadence>
          <SensorState>Present</SensorState>
          <HeartRateBpm>
            <Value>143</Value>
          </HeartRateBpm>
          <Extensions>
            <TPX xmlns="https://www.garmin.com/xmlschemas/ActivityExtension/v2">
              <Watts>157</Watts>
            </TPX>
          </Extensions>
        </Trackpoint>
        <Trackpoint>
          <Time>2026-07-30T13:49:32Z</Time>
          <DistanceMeters>118.4</DistanceMeters>
          <Cadence>29</Cadence>
          <SensorState>Present</SensorState>
          <HeartRateBpm>
            <Value>144</Value>
          </HeartRateBpm>
          <Extensions>
            <TPX xmlns="https://www.garmin.com/xmlschemas/ActivityExtension/v2">
              <Watts>157</Watts>
            </TPX>
          </Extensions>
        </Trackpoint>
        <Trackpoint>
          <Time>2026-07-30T13:49:34Z</Time>
          <DistanceMeters>126.3</DistanceMeters>
          <Cadence>28</Cadence>
          <SensorState>Present</SensorState>
          <HeartRateBpm>
            <Value>145</Value>
          </HeartRateBpm>
          <Extensions>
            <TPX xmlns="https://www.garmin.com/xmlschemas/ActivityExtension/v2">
              <Watts>149</Watts>
            </TPX>
          </Extensions>
        </Trackpoint>
        <Trackpoint>
          <Time>2026-07-30T13:49:36Z</Time>
          <DistanceMeters>134.5</DistanceMeters>
          <Cadence>28</Cadence>
          <SensorState>Present</SensorState>
          <HeartRateBpm>
            <Value>145</Value>
          </HeartRateBpm>
          <Extensions>
            <TPX xmlns="https://www.garmin.com/xmlschemas/ActivityExtension/v2">
              <Watts>153</Watts>
            </TPX>
          </Extensions>
        </Trackpoint>
        <Trackpoint>
          <Time>2026-07-30T13:49:38Z</Time>
          <DistanceMeters>142.9</DistanceMeters>
          <Cadence>28</Cadence>
          <SensorState>Present</SensorState>
          <HeartRateBpm>
            <Value>146</Value>
          </HeartRateBpm>
          <Extensions>
            <TPX xmlns="https://www.garmin.com/xmlschemas/ActivityExtension/v2">
              <Watts>153</Watts>
            </TPX>
          </Extensions>
        </Trackpoint>
        <Trackpoint>
          <Time>2026-07-30T13:49:40Z</Time>
          <DistanceMeters>150.8</DistanceMeters>
          <Cadence>28</Cadence>
          <SensorState>Present</SensorState>
          <HeartRateBpm>
            <Value>145</Value>
          </HeartRateBpm>
          <Extensions>
            <TPX xmlns="https://www.garmin.com/xmlschemas/ActivityExtension/v2">
              <Watts>153</Watts>
            </TPX>
          </Extensions>
        </Trackpoint>
        <Trackpoint>
          <Time>2026-07-30T13:49:42Z</Time>
          <DistanceMeters>158.9</DistanceMeters>
          <Cadence>28</Cadence>
          <SensorState>Present</SensorState>
          <HeartRateBpm>
            <Value>145</Value>
          </HeartRateBpm>
          <Extensions>
            <TPX xmlns="https://www.garmin.com/xmlschemas/ActivityExtension/v2">
              <Watts>145</Watts>
            </TPX>
          </Extensions>
        </Trackpoint>
        <Trackpoint>
          <Time>2026-07-30T13:49:44Z</Time>
          <DistanceMeters>167</DistanceMeters>
          <Cadence>28</Cadence>
          <SensorState>Present</SensorState>
          <HeartRateBpm>
            <Value>146</Value>
          </HeartRateBpm>
          <Extensions>
            <TPX xmlns="https://www.garmin.com/xmlschemas/ActivityExtension/v2">
              <Watts>148</Watts>
            </TPX>
          </Extensions>
        </Trackpoint>
        <Trackpoint>
          <Time>2026-07-30T13:49:47Z</Time>
          <DistanceMeters>175.1</DistanceMeters>
          <Cadence>28</Cadence>
          <SensorState>Present</SensorState>
          <HeartRateBpm>
            <Value>146</Value>
          </HeartRateBpm>
          <Extensions>
            <TPX xmlns="https://www.garmin.com/xmlschemas/ActivityExtension/v2">
              <Watts>148</Watts>
            </TPX>
          </Extensions>
        </Trackpoint>
        <Trackpoint>
          <Time>2026-07-30T13:49:49Z</Time>
          <DistanceMeters>182.9</DistanceMeters>
          <Cadence>28</Cadence>
          <SensorState>Present</SensorState>
          <HeartRateBpm>
            <Value>146</Value>
          </HeartRateBpm>
          <Extensions>
            <TPX xmlns="https://www.garmin.com/xmlschemas/ActivityExtension/v2">
              <Watts>145</Watts>
            </TPX>
          </Extensions>
        </Trackpoint>
        <Trackpoint>
          <Time>2026-07-30T13:49:51Z</Time>
          <DistanceMeters>190.9</DistanceMeters>
          <Cadence>29</Cadence>
          <SensorState>Present</SensorState>
          <HeartRateBpm>
            <Value>146</Value>
          </HeartRateBpm>
          <Extensions>
            <TPX xmlns="https://www.garmin.com/xmlschemas/ActivityExtension/v2">
              <Watts>146</Watts>
            </TPX>
          </Extensions>
        </Trackpoint>
        <Trackpoint>
          <Time>2026-07-30T13:49:53Z</Time>
          <DistanceMeters>199.3</DistanceMeters>
          <Cadence>27</Cadence>
          <SensorState>Present</SensorState>
          <HeartRateBpm>
            <Value>147</Value>
          </HeartRateBpm>
          <Extensions>
            <TPX xmlns="https://www.garmin.com/xmlschemas/ActivityExtension/v2">
              <Watts>156</Watts>
            </TPX>
          </Extensions>
        </Trackpoint>
        <Trackpoint>
          <Time>2026-07-30T13:49:55Z</Time>
          <DistanceMeters>207.4</DistanceMeters>
          <Cadence>28</Cadence>
          <SensorState>Present</SensorState>
          <HeartRateBpm>
            <Value>147</Value>
          </HeartRateBpm>
          <Extensions>
            <TPX xmlns="https://www.garmin.com/xmlschemas/ActivityExtension/v2">
              <Watts>150</Watts>
            </TPX>
          </Extensions>
        </Trackpoint>
        <Trackpoint>
          <Time>2026-07-30T13:49:57Z</Time>
          <DistanceMeters>215.3</DistanceMeters>
          <Cadence>28</Cadence>
          <SensorState>Present</SensorState>
          <HeartRateBpm>
            <Value>147</Value>
          </HeartRateBpm>
          <Extensions>
            <TPX xmlns="https://www.garmin.com/xmlschemas/ActivityExtension/v2">
              <Watts>150</Watts>
            </TPX>
          </Extensions>
        </Trackpoint>
        <Trackpoint>
          <Time>2026-07-30T13:49:59Z</Time>
          <DistanceMeters>223.2</DistanceMeters>
          <Cadence>28</Cadence>
          <SensorState>Present</SensorState>
          <HeartRateBpm>
            <Value>147</Value>
          </HeartRateBpm>
          <Extensions>
            <TPX xmlns="https://www.garmin.com/xmlschemas/ActivityExtension/v2">
              <Watts>149</Watts>
            </TPX>
          </Extensions>
        </Trackpoint>
        <Trackpoint>
          <Time>2026-07-30T13:50:01Z</Time>
          <DistanceMeters>231.5</DistanceMeters>
          <Cadence>28</Cadence>
          <SensorState>Present</SensorState>
          <HeartRateBpm>
            <Value>147</Value>
          </HeartRateBpm>
          <Extensions>
            <TPX xmlns="https://www.garmin.com/xmlschemas/ActivityExtension/v2">
              <Watts>153</Watts>
            </TPX>
          </Extensions>
        </Trackpoint>
        <Trackpoint>
          <Time>2026-07-30T13:50:04Z</Time>
          <DistanceMeters>239.9</DistanceMeters>
          <Cadence>27</Cadence>
          <SensorState>Present</SensorState>
          <HeartRateBpm>
            <Value>147</Value>
          </HeartRateBpm>
          <Extensions>
            <TPX xmlns="https://www.garmin.com/xmlschemas/ActivityExtension/v2">
              <Watts>157</Watts>
            </TPX>
          </Extensions>
        </Trackpoint>
        <Trackpoint>
          <Time>2026-07-30T13:50:06Z</Time>
          <DistanceMeters>248</DistanceMeters>
          <Cadence>27</Cadence>
          <SensorState>Present</SensorState>
          <HeartRateBpm>
            <Value>149</Value>
          </HeartRateBpm>
          <Extensions>
            <TPX xmlns="https://www.garmin.com/xmlschemas/ActivityExtension/v2">
              <Watts>157</Watts>
            </TPX>
          </Extensions>
        </Trackpoint>
        <Trackpoint>
          <Time>2026-07-30T13:50:08Z</Time>
          <DistanceMeters>256.1</DistanceMeters>
          <Cadence>29</Cadence>
          <SensorState>Present</SensorState>
          <HeartRateBpm>
            <Value>149</Value>
          </HeartRateBpm>
          <Extensions>
            <TPX xmlns="https://www.garmin.com/xmlschemas/ActivityExtension/v2">
              <Watts>160</Watts>
            </TPX>
          </Extensions>
        </Trackpoint>
        <Trackpoint>
          <Time>2026-07-30T13:50:10Z</Time>
          <DistanceMeters>264.5</DistanceMeters>
          <Cadence>28</Cadence>
          <SensorState>Present</SensorState>
          <HeartRateBpm>
            <Value>149</Value>
          </HeartRateBpm>
          <Extensions>
            <TPX xmlns="https://www.garmin.com/xmlschemas/ActivityExtension/v2">
              <Watts>159</Watts>
            </TPX>
          </Extensions>
        </Trackpoint>
        <Trackpoint>
          <Time>2026-07-30T13:50:12Z</Time>
          <DistanceMeters>272.8</DistanceMeters>
          <Cadence>28</Cadence>
          <SensorState>Present</SensorState>
          <HeartRateBpm>
            <Value>149</Value>
          </HeartRateBpm>
          <Extensions>
            <TPX xmlns="https://www.garmin.com/xmlschemas/ActivityExtension/v2">
              <Watts>156</Watts>
            </TPX>
          </Extensions>
        </Trackpoint>
        <Trackpoint>
          <Time>2026-07-30T13:50:14Z</Time>
          <DistanceMeters>280.8</DistanceMeters>
          <Cadence>29</Cadence>
          <SensorState>Present</SensorState>
          <HeartRateBpm>
            <Value>148</Value>
          </HeartRateBpm>
          <Extensions>
            <TPX xmlns="https://www.garmin.com/xmlschemas/ActivityExtension/v2">
              <Watts>161</Watts>
            </TPX>
          </Extensions>
        </Trackpoint>
        <Trackpoint>
          <Time>2026-07-30T13:50:16Z</Time>
          <DistanceMeters>289.4</DistanceMeters>
          <Cadence>28</Cadence>
          <SensorState>Present</SensorState>
          <HeartRateBpm>
            <Value>149</Value>
          </HeartRateBpm>
          <Extensions>
            <TPX xmlns="https://www.garmin.com/xmlschemas/ActivityExtension/v2">
              <Watts>193</Watts>
            </TPX>
          </Extensions>
        </Trackpoint>
        <Trackpoint>
          <Time>2026-07-30T13:50:18Z</Time>
          <DistanceMeters>297.6</DistanceMeters>
          <Cadence>30</Cadence>
          <SensorState>Present</SensorState>
          <HeartRateBpm>
            <Value>149</Value>
          </HeartRateBpm>
          <Extensions>
            <TPX xmlns="https://www.garmin.com/xmlschemas/ActivityExtension/v2">
              <Watts>191</Watts>
            </TPX>
          </Extensions>
        </Trackpoint>
        <Trackpoint>
          <Time>2026-07-30T13:50:20Z</Time>
          <DistanceMeters>305.8</DistanceMeters>
          <Cadence>29</Cadence>
          <SensorState>Present</SensorState>
          <HeartRateBpm>
            <Value>150</Value>
          </HeartRateBpm>
          <Extensions>
            <TPX xmlns="https://www.garmin.com/xmlschemas/ActivityExtension/v2">
              <Watts>173</Watts>
            </TPX>
          </Extensions>
        </Trackpoint>
        <Trackpoint>
          <Time>2026-07-30T13:50:22Z</Time>
          <DistanceMeters>313.7</DistanceMeters>
          <Cadence>29</Cadence>
          <SensorState>Present</SensorState>
          <HeartRateBpm>
            <Value>150</Value>
          </HeartRateBpm>
          <Extensions>
            <TPX xmlns="https://www.garmin.com/xmlschemas/ActivityExtension/v2">
              <Watts>164</Watts>
            </TPX>
          </Extensions>
        </Trackpoint>
        <Trackpoint>
          <Time>2026-07-30T13:50:24Z</Time>
          <DistanceMeters>321.4</DistanceMeters>
          <Cadence>29</Cadence>
          <SensorState>Present</SensorState>
          <HeartRateBpm>
            <Value>150</Value>
          </HeartRateBpm>
          <Extensions>
            <TPX xmlns="https://www.garmin.com/xmlschemas/ActivityExtension/v2">
              <Watts>164</Watts>
            </TPX>
          </Extensions>
        </Trackpoint>
        <Trackpoint>
          <Time>2026-07-30T13:50:26Z</Time>
          <DistanceMeters>329.4</DistanceMeters>
          <Cadence>31</Cadence>
          <SensorState>Present</SensorState>
          <HeartRateBpm>
            <Value>151</Value>
          </HeartRateBpm>
          <Extensions>
            <TPX xmlns="https://www.garmin.com/xmlschemas/ActivityExtension/v2">
              <Watts>168</Watts>
            </TPX>
          </Extensions>
        </Trackpoint>
        <Trackpoint>
          <Time>2026-07-30T13:50:28Z</Time>
          <DistanceMeters>337.6</DistanceMeters>
          <Cadence>29</Cadence>
          <SensorState>Present</SensorState>
          <HeartRateBpm>
            <Value>151</Value>
          </HeartRateBpm>
          <Extensions>
            <TPX xmlns="https://www.garmin.com/xmlschemas/ActivityExtension/v2">
              <Watts>167</Watts>
            </TPX>
          </Extensions>
        </Trackpoint>
        <Trackpoint>
          <Time>2026-07-30T13:50:30Z</Time>
          <DistanceMeters>345.4</DistanceMeters>
          <Cadence>29</Cadence>
          <SensorState>Present</SensorState>
          <HeartRateBpm>
            <Value>152</Value>
          </HeartRateBpm>
          <Extensions>
            <TPX xmlns="https://www.garmin.com/xmlschemas/ActivityExtension/v2">
              <Watts>168</Watts>
            </TPX>
          </Extensions>
        </Trackpoint>
        <Trackpoint>
          <Time>2026-07-30T13:50:33Z</Time>
          <DistanceMeters>353.3</DistanceMeters>
          <Cadence>30</Cadence>
          <SensorState>Present</SensorState>
          <HeartRateBpm>
            <Value>153</Value>
          </HeartRateBpm>
          <Extensions>
            <TPX xmlns="https://www.garmin.com/xmlschemas/ActivityExtension/v2">
              <Watts>163</Watts>
            </TPX>
          </Extensions>
        </Trackpoint>
        <Trackpoint>
          <Time>2026-07-30T13:50:35Z</Time>
          <DistanceMeters>361.3</DistanceMeters>
          <Cadence>30</Cadence>
          <SensorState>Present</SensorState>
          <HeartRateBpm>
            <Value>153</Value>
          </HeartRateBpm>
          <Extensions>
            <TPX xmlns="https://www.garmin.com/xmlschemas/ActivityExtension/v2">
              <Watts>171</Watts>
            </TPX>
          </Extensions>
        </Trackpoint>
        <Trackpoint>
          <Time>2026-07-30T13:50:37Z</Time>
          <DistanceMeters>369.1</DistanceMeters>
          <Cadence>30</Cadence>
          <SensorState>Present</SensorState>
          <HeartRateBpm>
            <Value>153</Value>
          </HeartRateBpm>
          <Extensions>
            <TPX xmlns="https://www.garmin.com/xmlschemas/ActivityExtension/v2">
              <Watts>171</Watts>
            </TPX>
          </Extensions>
        </Trackpoint>
        <Trackpoint>
          <Time>2026-07-30T13:50:39Z</Time>
          <DistanceMeters>377</DistanceMeters>
          <Cadence>30</Cadence>
          <SensorState>Present</SensorState>
          <HeartRateBpm>
            <Value>154</Value>
          </HeartRateBpm>
          <Extensions>
            <TPX xmlns="https://www.garmin.com/xmlschemas/ActivityExtension/v2">
              <Watts>172</Watts>
            </TPX>
          </Extensions>
        </Trackpoint>
        <Trackpoint>
          <Time>2026-07-30T13:50:41Z</Time>
          <DistanceMeters>385.1</DistanceMeters>
          <Cadence>29</Cadence>
          <SensorState>Present</SensorState>
          <HeartRateBpm>
            <Value>156</Value>
          </HeartRateBpm>
          <Extensions>
            <TPX xmlns="https://www.garmin.com/xmlschemas/ActivityExtension/v2">
              <Watts>168</Watts>
            </TPX>
          </Extensions>
        </Trackpoint>
        <Trackpoint>
          <Time>2026-07-30T13:50:43Z</Time>
          <DistanceMeters>393.4</DistanceMeters>
          <Cadence>29</Cadence>
          <SensorState>Present</SensorState>
          <HeartRateBpm>
            <Value>157</Value>
          </HeartRateBpm>
          <Extensions>
            <TPX xmlns="https://www.garmin.com/xmlschemas/ActivityExtension/v2">
              <Watts>168</Watts>
            </TPX>
          </Extensions>
        </Trackpoint>
        <Trackpoint>
          <Time>2026-07-30T13:50:45Z</Time>
          <DistanceMeters>402.1</DistanceMeters>
          <Cadence>27</Cadence>
          <SensorState>Present</SensorState>
          <HeartRateBpm>
            <Value>158</Value>
          </HeartRateBpm>
          <Extensions>
            <TPX xmlns="https://www.garmin.com/xmlschemas/ActivityExtension/v2">
              <Watts>171</Watts>
            </TPX>
          </Extensions>
        </Trackpoint>
        <Trackpoint>
          <Time>2026-07-30T13:50:47Z</Time>
          <DistanceMeters>410.4</DistanceMeters>
          <Cadence>29</Cadence>
          <SensorState>Present</SensorState>
          <HeartRateBpm>
            <Value>159</Value>
          </HeartRateBpm>
          <Extensions>
            <TPX xmlns="https://www.garmin.com/xmlschemas/ActivityExtension/v2">
              <Watts>172</Watts>
            </TPX>
          </Extensions>
        </Trackpoint>
        <Trackpoint>
          <Time>2026-07-30T13:50:49Z</Time>
          <DistanceMeters>418.8</DistanceMeters>
          <Cadence>29</Cadence>
          <SensorState>Present</SensorState>
          <HeartRateBpm>
            <Value>160</Value>
          </HeartRateBpm>
          <Extensions>
            <TPX xmlns="https://www.garmin.com/xmlschemas/ActivityExtension/v2">
              <Watts>172</Watts>
            </TPX>
          </Extensions>
        </Trackpoint>
        <Trackpoint>
          <Time>2026-07-30T13:50:51Z</Time>
          <DistanceMeters>427.3</DistanceMeters>
          <Cadence>28</Cadence>
          <SensorState>Present</SensorState>
          <HeartRateBpm>
            <Value>160</Value>
          </HeartRateBpm>
          <Extensions>
            <TPX xmlns="https://www.garmin.com/xmlschemas/ActivityExtension/v2">
              <Watts>172</Watts>
            </TPX>
          </Extensions>
        </Trackpoint>
        <Trackpoint>
          <Time>2026-07-30T13:50:53Z</Time>
          <DistanceMeters>435.4</DistanceMeters>
          <Cadence>29</Cadence>
          <SensorState>Present</SensorState>
          <HeartRateBpm>
            <Value>160</Value>
          </HeartRateBpm>
          <Extensions>
            <TPX xmlns="https://www.garmin.com/xmlschemas/ActivityExtension/v2">
              <Watts>175</Watts>
            </TPX>
          </Extensions>
        </Trackpoint>
        <Trackpoint>
          <Time>2026-07-30T13:50:56Z</Time>
          <DistanceMeters>443.7</DistanceMeters>
          <Cadence>28</Cadence>
          <SensorState>Present</SensorState>
          <HeartRateBpm>
            <Value>162</Value>
          </HeartRateBpm>
          <Extensions>
            <TPX xmlns="https://www.garmin.com/xmlschemas/ActivityExtension/v2">
              <Watts>157</Watts>
            </TPX>
          </Extensions>
        </Trackpoint>
        <Trackpoint>
          <Time>2026-07-30T13:50:58Z</Time>
          <DistanceMeters>452</DistanceMeters>
          <Cadence>28</Cadence>
          <SensorState>Present</SensorState>
          <HeartRateBpm>
            <Value>163</Value>
          </HeartRateBpm>
          <Extensions>
            <TPX xmlns="https://www.garmin.com/xmlschemas/ActivityExtension/v2">
              <Watts>158</Watts>
            </TPX>
          </Extensions>
        </Trackpoint>
        <Trackpoint>
          <Time>2026-07-30T13:51:00Z</Time>
          <DistanceMeters>460.4</DistanceMeters>
          <Cadence>28</Cadence>
          <SensorState>Present</SensorState>
          <HeartRateBpm>
            <Value>163</Value>
          </HeartRateBpm>
          <Extensions>
            <TPX xmlns="https://www.garmin.com/xmlschemas/ActivityExtension/v2">
              <Watts>158</Watts>
            </TPX>
          </Extensions>
        </Trackpoint>
        <Trackpoint>
          <Time>2026-07-30T13:51:02Z</Time>
          <DistanceMeters>468.9</DistanceMeters>
          <Cadence>28</Cadence>
          <SensorState>Present</SensorState>
          <HeartRateBpm>
            <Value>164</Value>
          </HeartRateBpm>
          <Extensions>
            <TPX xmlns="https://www.garmin.com/xmlschemas/ActivityExtension/v2">
              <Watts>170</Watts>
            </TPX>
          </Extensions>
        </Trackpoint>
        <Trackpoint>
          <Time>2026-07-30T13:51:04Z</Time>
          <DistanceMeters>477.3</DistanceMeters>
          <Cadence>29</Cadence>
          <SensorState>Present</SensorState>
          <HeartRateBpm>
            <Value>165</Value>
          </HeartRateBpm>
          <Extensions>
            <TPX xmlns="https://www.garmin.com/xmlschemas/ActivityExtension/v2">
              <Watts>177</Watts>
            </TPX>
          </Extensions>
        </Trackpoint>
        <Trackpoint>
          <Time>2026-07-30T13:51:06Z</Time>
          <DistanceMeters>485.7</DistanceMeters>
          <Cadence>28</Cadence>
          <SensorState>Present</SensorState>
          <HeartRateBpm>
            <Value>165</Value>
          </HeartRateBpm>
          <Extensions>
            <TPX xmlns="https://www.garmin.com/xmlschemas/ActivityExtension/v2">
              <Watts>176</Watts>
            </TPX>
          </Extensions>
        </Trackpoint>
        <Trackpoint>
          <Time>2026-07-30T13:51:08Z</Time>
          <DistanceMeters>494.2</DistanceMeters>
          <Cadence>28</Cadence>
          <SensorState>Present</SensorState>
          <HeartRateBpm>
            <Value>165</Value>
          </HeartRateBpm>
          <Extensions>
            <TPX xmlns="https://www.garmin.com/xmlschemas/ActivityExtension/v2">
              <Watts>176</Watts>
            </TPX>
          </Extensions>
        </Trackpoint>
        <Trackpoint>
          <Time>2026-07-30T13:51:10Z</Time>
          <DistanceMeters>502.5</DistanceMeters>
          <Cadence>28</Cadence>
          <SensorState>Present</SensorState>
          <HeartRateBpm>
            <Value>165</Value>
          </HeartRateBpm>
          <Extensions>
            <TPX xmlns="https://www.garmin.com/xmlschemas/ActivityExtension/v2">
              <Watts>173</Watts>
            </TPX>
          </Extensions>
        </Trackpoint>
        <Trackpoint>
          <Time>2026-07-30T13:51:12Z</Time>
          <DistanceMeters>510.7</DistanceMeters>
          <Cadence>29</Cadence>
          <SensorState>Present</SensorState>
          <HeartRateBpm>
            <Value>165</Value>
          </HeartRateBpm>
          <Extensions>
            <TPX xmlns="https://www.garmin.com/xmlschemas/ActivityExtension/v2">
              <Watts>175</Watts>
            </TPX>
          </Extensions>
        </Trackpoint>
        <Trackpoint>
          <Time>2026-07-30T13:51:15Z</Time>
          <DistanceMeters>519</DistanceMeters>
          <Cadence>29</Cadence>
          <SensorState>Present</SensorState>
          <HeartRateBpm>
            <Value>164</Value>
          </HeartRateBpm>
          <Extensions>
            <TPX xmlns="https://www.garmin.com/xmlschemas/ActivityExtension/v2">
              <Watts>175</Watts>
            </TPX>
          </Extensions>
        </Trackpoint>
        <Trackpoint>
          <Time>2026-07-30T13:51:17Z</Time>
          <DistanceMeters>527.5</DistanceMeters>
          <Cadence>28</Cadence>
          <SensorState>Present</SensorState>
          <HeartRateBpm>
            <Value>165</Value>
          </HeartRateBpm>
          <Extensions>
            <TPX xmlns="https://www.garmin.com/xmlschemas/ActivityExtension/v2">
              <Watts>173</Watts>
            </TPX>
          </Extensions>
        </Trackpoint>
        <Trackpoint>
          <Time>2026-07-30T13:51:19Z</Time>
          <DistanceMeters>535.7</DistanceMeters>
          <Cadence>28</Cadence>
          <SensorState>Present</SensorState>
          <HeartRateBpm>
            <Value>164</Value>
          </HeartRateBpm>
          <Extensions>
            <TPX xmlns="https://www.garmin.com/xmlschemas/ActivityExtension/v2">
              <Watts>173</Watts>
            </TPX>
          </Extensions>
        </Trackpoint>
        <Trackpoint>
          <Time>2026-07-30T13:51:21Z</Time>
          <DistanceMeters>544.1</DistanceMeters>
          <Cadence>28</Cadence>
          <SensorState>Present</SensorState>
          <HeartRateBpm>
            <Value>164</Value>
          </HeartRateBpm>
          <Extensions>
            <TPX xmlns="https://www.garmin.com/xmlschemas/ActivityExtension/v2">
              <Watts>172</Watts>
            </TPX>
          </Extensions>
        </Trackpoint>
        <Trackpoint>
          <Time>2026-07-30T13:51:23Z</Time>
          <DistanceMeters>552.1</DistanceMeters>
          <Cadence>28</Cadence>
          <SensorState>Present</SensorState>
          <HeartRateBpm>
            <Value>164</Value>
          </HeartRateBpm>
          <Extensions>
            <TPX xmlns="https://www.garmin.com/xmlschemas/ActivityExtension/v2">
              <Watts>172</Watts>
            </TPX>
          </Extensions>
        </Trackpoint>
        <Trackpoint>
          <Time>2026-07-30T13:51:25Z</Time>
          <DistanceMeters>560.3</DistanceMeters>
          <Cadence>29</Cadence>
          <SensorState>Present</SensorState>
          <HeartRateBpm>
            <Value>164</Value>
          </HeartRateBpm>
          <Extensions>
            <TPX xmlns="https://www.garmin.com/xmlschemas/ActivityExtension/v2">
              <Watts>163</Watts>
            </TPX>
          </Extensions>
        </Trackpoint>
        <Trackpoint>
          <Time>2026-07-30T13:51:27Z</Time>
          <DistanceMeters>568.3</DistanceMeters>
          <Cadence>29</Cadence>
          <SensorState>Present</SensorState>
          <HeartRateBpm>
            <Value>163</Value>
          </HeartRateBpm>
          <Extensions>
            <TPX xmlns="https://www.garmin.com/xmlschemas/ActivityExtension/v2">
              <Watts>163</Watts>
            </TPX>
          </Extensions>
        </Trackpoint>
        <Trackpoint>
          <Time>2026-07-30T13:51:29Z</Time>
          <DistanceMeters>576.5</DistanceMeters>
          <Cadence>29</Cadence>
          <SensorState>Present</SensorState>
          <HeartRateBpm>
            <Value>163</Value>
          </HeartRateBpm>
          <Extensions>
            <TPX xmlns="https://www.garmin.com/xmlschemas/ActivityExtension/v2">
              <Watts>168</Watts>
            </TPX>
          </Extensions>
        </Trackpoint>
        <Trackpoint>
          <Time>2026-07-30T13:51:31Z</Time>
          <DistanceMeters>584.3</DistanceMeters>
          <Cadence>30</Cadence>
          <SensorState>Present</SensorState>
          <HeartRateBpm>
            <Value>163</Value>
          </HeartRateBpm>
          <Extensions>
            <TPX xmlns="https://www.garmin.com/xmlschemas/ActivityExtension/v2">
              <Watts>162</Watts>
            </TPX>
          </Extensions>
        </Trackpoint>
        <Trackpoint>
          <Time>2026-07-30T13:51:33Z</Time>
          <DistanceMeters>592.3</DistanceMeters>
          <Cadence>29</Cadence>
          <SensorState>Present</SensorState>
          <HeartRateBpm>
            <Value>163</Value>
          </HeartRateBpm>
          <Extensions>
            <TPX xmlns="https://www.garmin.com/xmlschemas/ActivityExtension/v2">
              <Watts>157</Watts>
            </TPX>
          </Extensions>
        </Trackpoint>
        <Trackpoint>
          <Time>2026-07-30T13:51:35Z</Time>
          <DistanceMeters>600.2</DistanceMeters>
          <Cadence>29</Cadence>
          <SensorState>Present</SensorState>
          <HeartRateBpm>
            <Value>164</Value>
          </HeartRateBpm>
          <Extensions>
            <TPX xmlns="https://www.garmin.com/xmlschemas/ActivityExtension/v2">
              <Watts>156</Watts>
            </TPX>
          </Extensions>
        </Trackpoint>
        <Trackpoint>
          <Time>2026-07-30T13:51:37Z</Time>
          <DistanceMeters>608</DistanceMeters>
          <Cadence>29</Cadence>
          <SensorState>Present</SensorState>
          <HeartRateBpm>
            <Value>165</Value>
          </HeartRateBpm>
          <Extensions>
            <TPX xmlns="https://www.garmin.com/xmlschemas/ActivityExtension/v2">
              <Watts>157</Watts>
            </TPX>
          </Extensions>
        </Trackpoint>
        <Trackpoint>
          <Time>2026-07-30T13:51:39Z</Time>
          <DistanceMeters>616</DistanceMeters>
          <Cadence>29</Cadence>
          <SensorState>Present</SensorState>
          <HeartRateBpm>
            <Value>166</Value>
          </HeartRateBpm>
          <Extensions>
            <TPX xmlns="https://www.garmin.com/xmlschemas/ActivityExtension/v2">
              <Watts>153</Watts>
            </TPX>
          </Extensions>
        </Trackpoint>
        <Trackpoint>
          <Time>2026-07-30T13:51:42Z</Time>
          <DistanceMeters>623.9</DistanceMeters>
          <Cadence>29</Cadence>
          <SensorState>Present</SensorState>
          <HeartRateBpm>
            <Value>167</Value>
          </HeartRateBpm>
          <Extensions>
            <TPX xmlns="https://www.garmin.com/xmlschemas/ActivityExtension/v2">
              <Watts>155</Watts>
            </TPX>
          </Extensions>
        </Trackpoint>
        <Trackpoint>
          <Time>2026-07-30T13:51:44Z</Time>
          <DistanceMeters>631.7</DistanceMeters>
          <Cadence>30</Cadence>
          <SensorState>Present</SensorState>
          <HeartRateBpm>
            <Value>167</Value>
          </HeartRateBpm>
          <Extensions>
            <TPX xmlns="https://www.garmin.com/xmlschemas/ActivityExtension/v2">
              <Watts>159</Watts>
            </TPX>
          </Extensions>
        </Trackpoint>
        <Trackpoint>
          <Time>2026-07-30T13:51:46Z</Time>
          <DistanceMeters>639.9</DistanceMeters>
          <Cadence>29</Cadence>
          <SensorState>Present</SensorState>
          <HeartRateBpm>
            <Value>167</Value>
          </HeartRateBpm>
          <Extensions>
            <TPX xmlns="https://www.garmin.com/xmlschemas/ActivityExtension/v2">
              <Watts>168</Watts>
            </TPX>
          </Extensions>
        </Trackpoint>
        <Trackpoint>
          <Time>2026-07-30T13:51:48Z</Time>
          <DistanceMeters>648.1</DistanceMeters>
          <Cadence>29</Cadence>
          <SensorState>Present</SensorState>
          <HeartRateBpm>
            <Value>167</Value>
          </HeartRateBpm>
          <Extensions>
            <TPX xmlns="https://www.garmin.com/xmlschemas/ActivityExtension/v2">
              <Watts>177</Watts>
            </TPX>
          </Extensions>
        </Trackpoint>
        <Trackpoint>
          <Time>2026-07-30T13:51:50Z</Time>
          <DistanceMeters>656.8</DistanceMeters>
          <Cadence>28</Cadence>
          <SensorState>Present</SensorState>
          <HeartRateBpm>
            <Value>167</Value>
          </HeartRateBpm>
          <Extensions>
            <TPX xmlns="https://www.garmin.com/xmlschemas/ActivityExtension/v2">
              <Watts>189</Watts>
            </TPX>
          </Extensions>
        </Trackpoint>
        <Trackpoint>
          <Time>2026-07-30T13:51:52Z</Time>
          <DistanceMeters>665.5</DistanceMeters>
          <Cadence>28</Cadence>
          <SensorState>Present</SensorState>
          <HeartRateBpm>
            <Value>166</Value>
          </HeartRateBpm>
          <Extensions>
            <TPX xmlns="https://www.garmin.com/xmlschemas/ActivityExtension/v2">
              <Watts>189</Watts>
            </TPX>
          </Extensions>
        </Trackpoint>
        <Trackpoint>
          <Time>2026-07-30T13:51:54Z</Time>
          <DistanceMeters>674.5</DistanceMeters>
          <Cadence>29</Cadence>
          <SensorState>Present</SensorState>
          <HeartRateBpm>
            <Value>165</Value>
          </HeartRateBpm>
          <Extensions>
            <TPX xmlns="https://www.garmin.com/xmlschemas/ActivityExtension/v2">
              <Watts>202</Watts>
            </TPX>
          </Extensions>
        </Trackpoint>
        <Trackpoint>
          <Time>2026-07-30T13:51:56Z</Time>
          <DistanceMeters>683.3</DistanceMeters>
          <Cadence>29</Cadence>
          <SensorState>Present</SensorState>
          <HeartRateBpm>
            <Value>165</Value>
          </HeartRateBpm>
          <Extensions>
            <TPX xmlns="https://www.garmin.com/xmlschemas/ActivityExtension/v2">
              <Watts>218</Watts>
            </TPX>
          </Extensions>
        </Trackpoint>
        <Trackpoint>
          <Time>2026-07-30T13:51:58Z</Time>
          <DistanceMeters>691.9</DistanceMeters>
          <Cadence>30</Cadence>
          <SensorState>Present</SensorState>
          <HeartRateBpm>
            <Value>164</Value>
          </HeartRateBpm>
          <Extensions>
            <TPX xmlns="https://www.garmin.com/xmlschemas/ActivityExtension/v2">
              <Watts>218</Watts>
            </TPX>
          </Extensions>
        </Trackpoint>
        <Trackpoint>
          <Time>2026-07-30T13:52:00Z</Time>
          <DistanceMeters>700.7</DistanceMeters>
          <Cadence>29</Cadence>
          <SensorState>Present</SensorState>
          <HeartRateBpm>
            <Value>164</Value>
          </HeartRateBpm>
          <Extensions>
            <TPX xmlns="https://www.garmin.com/xmlschemas/ActivityExtension/v2">
              <Watts>215</Watts>
            </TPX>
          </Extensions>
        </Trackpoint>
        <Trackpoint>
          <Time>2026-07-30T13:52:02Z</Time>
          <DistanceMeters>709.2</DistanceMeters>
          <Cadence>30</Cadence>
          <SensorState>Present</SensorState>
          <HeartRateBpm>
            <Value>165</Value>
          </HeartRateBpm>
          <Extensions>
            <TPX xmlns="https://www.garmin.com/xmlschemas/ActivityExtension/v2">
              <Watts>213</Watts>
            </TPX>
          </Extensions>
        </Trackpoint>
        <Trackpoint>
          <Time>2026-07-30T13:52:04Z</Time>
          <DistanceMeters>717.7</DistanceMeters>
          <Cadence>30</Cadence>
          <SensorState>Present</SensorState>
          <HeartRateBpm>
            <Value>164</Value>
          </HeartRateBpm>
          <Extensions>
            <TPX xmlns="https://www.garmin.com/xmlschemas/ActivityExtension/v2">
              <Watts>213</Watts>
            </TPX>
          </Extensions>
        </Trackpoint>
        <Trackpoint>
          <Time>2026-07-30T13:52:06Z</Time>
          <DistanceMeters>726.4</DistanceMeters>
          <Cadence>30</Cadence>
          <SensorState>Present</SensorState>
          <HeartRateBpm>
            <Value>164</Value>
          </HeartRateBpm>
          <Extensions>
            <TPX xmlns="https://www.garmin.com/xmlschemas/ActivityExtension/v2">
              <Watts>224</Watts>
            </TPX>
          </Extensions>
        </Trackpoint>
        <Trackpoint>
          <Time>2026-07-30T13:52:08Z</Time>
          <DistanceMeters>734.9</DistanceMeters>
          <Cadence>30</Cadence>
          <SensorState>Present</SensorState>
          <HeartRateBpm>
            <Value>164</Value>
          </HeartRateBpm>
          <Extensions>
            <TPX xmlns="https://www.garmin.com/xmlschemas/ActivityExtension/v2">
              <Watts>224</Watts>
            </TPX>
          </Extensions>
        </Trackpoint>
        <Trackpoint>
          <Time>2026-07-30T13:52:10Z</Time>
          <DistanceMeters>743.7</DistanceMeters>
          <Cadence>31</Cadence>
          <SensorState>Present</SensorState>
          <HeartRateBpm>
            <Value>165</Value>
          </HeartRateBpm>
          <Extensions>
            <TPX xmlns="https://www.garmin.com/xmlschemas/ActivityExtension/v2">
              <Watts>230</Watts>
            </TPX>
          </Extensions>
        </Trackpoint>
        <Trackpoint>
          <Time>2026-07-30T13:52:12Z</Time>
          <DistanceMeters>752.3</DistanceMeters>
          <Cadence>31</Cadence>
          <SensorState>Present</SensorState>
          <HeartRateBpm>
            <Value>165</Value>
          </HeartRateBpm>
          <Extensions>
            <TPX xmlns="https://www.garmin.com/xmlschemas/ActivityExtension/v2">
              <Watts>238</Watts>
            </TPX>
          </Extensions>
        </Trackpoint>
        <Trackpoint>
          <Time>2026-07-30T13:52:14Z</Time>
          <DistanceMeters>761.2</DistanceMeters>
          <Cadence>29</Cadence>
          <SensorState>Present</SensorState>
          <HeartRateBpm>
            <Value>164</Value>
          </HeartRateBpm>
          <Extensions>
            <TPX xmlns="https://www.garmin.com/xmlschemas/ActivityExtension/v2">
              <Watts>225</Watts>
            </TPX>
          </Extensions>
        </Trackpoint>
        <Trackpoint>
          <Time>2026-07-30T13:52:16Z</Time>
          <DistanceMeters>769.4</DistanceMeters>
          <Cadence>29</Cadence>
          <SensorState>Present</SensorState>
          <HeartRateBpm>
            <Value>164</Value>
          </HeartRateBpm>
          <Extensions>
            <TPX xmlns="https://www.garmin.com/xmlschemas/ActivityExtension/v2">
              <Watts>225</Watts>
            </TPX>
          </Extensions>
        </Trackpoint>
        <Trackpoint>
          <Time>2026-07-30T13:52:18Z</Time>
          <DistanceMeters>777.5</DistanceMeters>
          <Cadence>32</Cadence>
          <SensorState>Present</SensorState>
          <HeartRateBpm>
            <Value>164</Value>
          </HeartRateBpm>
          <Extensions>
            <TPX xmlns="https://www.garmin.com/xmlschemas/ActivityExtension/v2">
              <Watts>201</Watts>
            </TPX>
          </Extensions>
        </Trackpoint>
        <Trackpoint>
          <Time>2026-07-30T13:52:20Z</Time>
          <DistanceMeters>785.4</DistanceMeters>
          <Cadence>32</Cadence>
          <SensorState>Present</SensorState>
          <HeartRateBpm>
            <Value>164</Value>
          </HeartRateBpm>
          <Extensions>
            <TPX xmlns="https://www.garmin.com/xmlschemas/ActivityExtension/v2">
              <Watts>216</Watts>
            </TPX>
          </Extensions>
        </Trackpoint>
        <Trackpoint>
          <Time>2026-07-30T13:52:22Z</Time>
          <DistanceMeters>793.6</DistanceMeters>
          <Cadence>30</Cadence>
          <SensorState>Present</SensorState>
          <HeartRateBpm>
            <Value>165</Value>
          </HeartRateBpm>
          <Extensions>
            <TPX xmlns="https://www.garmin.com/xmlschemas/ActivityExtension/v2">
              <Watts>199</Watts>
            </TPX>
          </Extensions>
        </Trackpoint>
        <Trackpoint>
          <Time>2026-07-30T13:52:24Z</Time>
          <DistanceMeters>801.6</DistanceMeters>
          <Cadence>30</Cadence>
          <SensorState>Present</SensorState>
          <HeartRateBpm>
            <Value>165</Value>
          </HeartRateBpm>
          <Extensions>
            <TPX xmlns="https://www.garmin.com/xmlschemas/ActivityExtension/v2">
              <Watts>199</Watts>
            </TPX>
          </Extensions>
        </Trackpoint>
        <Trackpoint>
          <Time>2026-07-30T13:52:26Z</Time>
          <DistanceMeters>809.8</DistanceMeters>
          <Cadence>31</Cadence>
          <SensorState>Present</SensorState>
          <HeartRateBpm>
            <Value>165</Value>
          </HeartRateBpm>
          <Extensions>
            <TPX xmlns="https://www.garmin.com/xmlschemas/ActivityExtension/v2">
              <Watts>201</Watts>
            </TPX>
          </Extensions>
        </Trackpoint>
        <Trackpoint>
          <Time>2026-07-30T13:52:28Z</Time>
          <DistanceMeters>818</DistanceMeters>
          <Cadence>30</Cadence>
          <SensorState>Present</SensorState>
          <HeartRateBpm>
            <Value>166</Value>
          </HeartRateBpm>
          <Extensions>
            <TPX xmlns="https://www.garmin.com/xmlschemas/ActivityExtension/v2">
              <Watts>202</Watts>
            </TPX>
          </Extensions>
        </Trackpoint>
        <Trackpoint>
          <Time>2026-07-30T13:52:30Z</Time>
          <DistanceMeters>826.3</DistanceMeters>
          <Cadence>30</Cadence>
          <SensorState>Present</SensorState>
          <HeartRateBpm>
            <Value>168</Value>
          </HeartRateBpm>
          <Extensions>
            <TPX xmlns="https://www.garmin.com/xmlschemas/ActivityExtension/v2">
              <Watts>202</Watts>
            </TPX>
          </Extensions>
        </Trackpoint>
        <Trackpoint>
          <Time>2026-07-30T13:52:32Z</Time>
          <DistanceMeters>834.3</DistanceMeters>
          <Cadence>30</Cadence>
          <SensorState>Present</SensorState>
          <HeartRateBpm>
            <Value>169</Value>
          </HeartRateBpm>
          <Extensions>
            <TPX xmlns="https://www.garmin.com/xmlschemas/ActivityExtension/v2">
              <Watts>189</Watts>
            </TPX>
          </Extensions>
        </Trackpoint>
        <Trackpoint>
          <Time>2026-07-30T13:52:34Z</Time>
          <DistanceMeters>842.6</DistanceMeters>
          <Cadence>30</Cadence>
          <SensorState>Present</SensorState>
          <HeartRateBpm>
            <Value>169</Value>
          </HeartRateBpm>
          <Extensions>
            <TPX xmlns="https://www.garmin.com/xmlschemas/ActivityExtension/v2">
              <Watts>189</Watts>
            </TPX>
          </Extensions>
        </Trackpoint>
        <Trackpoint>
          <Time>2026-07-30T13:52:36Z</Time>
          <DistanceMeters>850.9</DistanceMeters>
          <Cadence>30</Cadence>
          <SensorState>Present</SensorState>
          <HeartRateBpm>
            <Value>170</Value>
          </HeartRateBpm>
          <Extensions>
            <TPX xmlns="https://www.garmin.com/xmlschemas/ActivityExtension/v2">
              <Watts>195</Watts>
            </TPX>
          </Extensions>
        </Trackpoint>
        <Trackpoint>
          <Time>2026-07-30T13:52:38Z</Time>
          <DistanceMeters>859.1</DistanceMeters>
          <Cadence>31</Cadence>
          <SensorState>Present</SensorState>
          <HeartRateBpm>
            <Value>171</Value>
          </HeartRateBpm>
          <Extensions>
            <TPX xmlns="https://www.garmin.com/xmlschemas/ActivityExtension/v2">
              <Watts>219</Watts>
            </TPX>
          </Extensions>
        </Trackpoint>
        <Trackpoint>
          <Time>2026-07-30T13:52:39Z</Time>
          <DistanceMeters>867.4</DistanceMeters>
          <Cadence>31</Cadence>
          <SensorState>Present</SensorState>
          <HeartRateBpm>
            <Value>172</Value>
          </HeartRateBpm>
          <Extensions>
            <TPX xmlns="https://www.garmin.com/xmlschemas/ActivityExtension/v2">
              <Watts>219</Watts>
            </TPX>
          </Extensions>
        </Trackpoint>
        <Trackpoint>
          <Time>2026-07-30T13:52:41Z</Time>
          <DistanceMeters>875.9</DistanceMeters>
          <Cadence>30</Cadence>
          <SensorState>Present</SensorState>
          <HeartRateBpm>
            <Value>173</Value>
          </HeartRateBpm>
          <Extensions>
            <TPX xmlns="https://www.garmin.com/xmlschemas/ActivityExtension/v2">
              <Watts>211</Watts>
            </TPX>
          </Extensions>
        </Trackpoint>
        <Trackpoint>
          <Time>2026-07-30T13:52:43Z</Time>
          <DistanceMeters>884.3</DistanceMeters>
          <Cadence>30</Cadence>
          <SensorState>Present</SensorState>
          <HeartRateBpm>
            <Value>173</Value>
          </HeartRateBpm>
          <Extensions>
            <TPX xmlns="https://www.garmin.com/xmlschemas/ActivityExtension/v2">
              <Watts>211</Watts>
            </TPX>
          </Extensions>
        </Trackpoint>
        <Trackpoint>
          <Time>2026-07-30T13:52:45Z</Time>
          <DistanceMeters>892.7</DistanceMeters>
          <Cadence>30</Cadence>
          <SensorState>Present</SensorState>
          <HeartRateBpm>
            <Value>173</Value>
          </HeartRateBpm>
          <Extensions>
            <TPX xmlns="https://www.garmin.com/xmlschemas/ActivityExtension/v2">
              <Watts>208</Watts>
            </TPX>
          </Extensions>
        </Trackpoint>
        <Trackpoint>
          <Time>2026-07-30T13:52:47Z</Time>
          <DistanceMeters>900.7</DistanceMeters>
          <Cadence>32</Cadence>
          <SensorState>Present</SensorState>
          <HeartRateBpm>
            <Value>173</Value>
          </HeartRateBpm>
          <Extensions>
            <TPX xmlns="https://www.garmin.com/xmlschemas/ActivityExtension/v2">
              <Watts>215</Watts>
            </TPX>
          </Extensions>
        </Trackpoint>
        <Trackpoint>
          <Time>2026-07-30T13:52:49Z</Time>
          <DistanceMeters>908.4</DistanceMeters>
          <Cadence>31</Cadence>
          <SensorState>Present</SensorState>
          <HeartRateBpm>
            <Value>174</Value>
          </HeartRateBpm>
          <Extensions>
            <TPX xmlns="https://www.garmin.com/xmlschemas/ActivityExtension/v2">
              <Watts>179</Watts>
            </TPX>
          </Extensions>
        </Trackpoint>
        <Trackpoint>
          <Time>2026-07-30T13:52:51Z</Time>
          <DistanceMeters>916</DistanceMeters>
          <Cadence>31</Cadence>
          <SensorState>Present</SensorState>
          <HeartRateBpm>
            <Value>174</Value>
          </HeartRateBpm>
          <Extensions>
            <TPX xmlns="https://www.garmin.com/xmlschemas/ActivityExtension/v2">
              <Watts>179</Watts>
            </TPX>
          </Extensions>
        </Trackpoint>
        <Trackpoint>
          <Time>2026-07-30T13:52:53Z</Time>
          <DistanceMeters>924.5</DistanceMeters>
          <Cadence>31</Cadence>
          <SensorState>Present</SensorState>
          <HeartRateBpm>
            <Value>175</Value>
          </HeartRateBpm>
          <Extensions>
            <TPX xmlns="https://www.garmin.com/xmlschemas/ActivityExtension/v2">
              <Watts>239</Watts>
            </TPX>
          </Extensions>
        </Trackpoint>
        <Trackpoint>
          <Time>2026-07-30T13:52:55Z</Time>
          <DistanceMeters>933</DistanceMeters>
          <Cadence>31</Cadence>
          <SensorState>Present</SensorState>
          <HeartRateBpm>
            <Value>175</Value>
          </HeartRateBpm>
          <Extensions>
            <TPX xmlns="https://www.garmin.com/xmlschemas/ActivityExtension/v2">
              <Watts>239</Watts>
            </TPX>
          </Extensions>
        </Trackpoint>
        <Trackpoint>
          <Time>2026-07-30T13:52:57Z</Time>
          <DistanceMeters>941.2</DistanceMeters>
          <Cadence>31</Cadence>
          <SensorState>Present</SensorState>
          <HeartRateBpm>
            <Value>174</Value>
          </HeartRateBpm>
          <Extensions>
            <TPX xmlns="https://www.garmin.com/xmlschemas/ActivityExtension/v2">
              <Watts>198</Watts>
            </TPX>
          </Extensions>
        </Trackpoint>
        <Trackpoint>
          <Time>2026-07-30T13:52:59Z</Time>
          <DistanceMeters>949.4</DistanceMeters>
          <Cadence>31</Cadence>
          <SensorState>Present</SensorState>
          <HeartRateBpm>
            <Value>174</Value>
          </HeartRateBpm>
          <Extensions>
            <TPX xmlns="https://www.garmin.com/xmlschemas/ActivityExtension/v2">
              <Watts>215</Watts>
            </TPX>
          </Extensions>
        </Trackpoint>
      </Track>
    </Lap>
    <Lap StartTime="2026-07-30T13:53:00Z ">
      <TotalTimeSeconds>180</TotalTimeSeconds>
      <DistanceMeters>572</DistanceMeters>
      <MaximumSpeed>4.25</MaximumSpeed>
      <Calories>30</Calories>
      <Intensity>Resting</Intensity>
      <TriggerMethod>Manual</TriggerMethod>
      <Track>
        <Trackpoint>
          <Time>2026-07-30T13:53:02Z</Time>
          <DistanceMeters>8.3</DistanceMeters>
          <Cadence>31</Cadence>
          <SensorState>Present</SensorState>
          <HeartRateBpm>
            <Value>174</Value>
          </HeartRateBpm>
          <Extensions>
            <TPX xmlns="https://www.garmin.com/xmlschemas/ActivityExtension/v2">
              <Watts>215</Watts>
            </TPX>
          </Extensions>
        </Trackpoint>
        <Trackpoint>
          <Time>2026-07-30T13:53:04Z</Time>
          <DistanceMeters>16.6</DistanceMeters>
          <Cadence>31</Cadence>
          <SensorState>Present</SensorState>
          <HeartRateBpm>
            <Value>175</Value>
          </HeartRateBpm>
          <Extensions>
            <TPX xmlns="https://www.garmin.com/xmlschemas/ActivityExtension/v2">
              <Watts>193</Watts>
            </TPX>
          </Extensions>
        </Trackpoint>
        <Trackpoint>
          <Time>2026-07-30T13:53:07Z</Time>
          <DistanceMeters>24.3</DistanceMeters>
          <Cadence>31</Cadence>
          <SensorState>Present</SensorState>
          <HeartRateBpm>
            <Value>175</Value>
          </HeartRateBpm>
          <Extensions>
            <TPX xmlns="https://www.garmin.com/xmlschemas/ActivityExtension/v2">
              <Watts>66</Watts>
            </TPX>
          </Extensions>
        </Trackpoint>
        <Trackpoint>
          <Time>2026-07-30T13:53:09Z</Time>
          <DistanceMeters>31.3</DistanceMeters>
          <Cadence>31</Cadence>
          <SensorState>Present</SensorState>
          <HeartRateBpm>
            <Value>175</Value>
          </HeartRateBpm>
          <Extensions>
            <TPX xmlns="https://www.garmin.com/xmlschemas/ActivityExtension/v2">
              <Watts>66</Watts>
            </TPX>
          </Extensions>
        </Trackpoint>
        <Trackpoint>
          <Time>2026-07-30T13:53:12Z</Time>
          <DistanceMeters>38.1</DistanceMeters>
          <Cadence>31</Cadence>
          <SensorState>Present</SensorState>
          <HeartRateBpm>
            <Value>175</Value>
          </HeartRateBpm>
          <Extensions>
            <TPX xmlns="https://www.garmin.com/xmlschemas/ActivityExtension/v2">
              <Watts>54</Watts>
            </TPX>
          </Extensions>
        </Trackpoint>
        <Trackpoint>
          <Time>2026-07-30T13:53:15Z</Time>
          <DistanceMeters>44.8</DistanceMeters>
          <Cadence>31</Cadence>
          <SensorState>Present</SensorState>
          <HeartRateBpm>
            <Value>176</Value>
          </HeartRateBpm>
          <Extensions>
            <TPX xmlns="https://www.garmin.com/xmlschemas/ActivityExtension/v2">
              <Watts>51</Watts>
            </TPX>
          </Extensions>
        </Trackpoint>
        <Trackpoint>
          <Time>2026-07-30T13:53:17Z</Time>
          <DistanceMeters>51.4</DistanceMeters>
          <Cadence>31</Cadence>
          <SensorState>Present</SensorState>
          <HeartRateBpm>
            <Value>175</Value>
          </HeartRateBpm>
          <Extensions>
            <TPX xmlns="https://www.garmin.com/xmlschemas/ActivityExtension/v2">
              <Watts>52</Watts>
            </TPX>
          </Extensions>
        </Trackpoint>
        <Trackpoint>
          <Time>2026-07-30T13:53:19Z</Time>
          <DistanceMeters>58</DistanceMeters>
          <Cadence>31</Cadence>
          <SensorState>Present</SensorState>
          <HeartRateBpm>
            <Value>174</Value>
          </HeartRateBpm>
          <Extensions>
            <TPX xmlns="https://www.garmin.com/xmlschemas/ActivityExtension/v2">
              <Watts>52</Watts>
            </TPX>
          </Extensions>
        </Trackpoint>
        <Trackpoint>
          <Time>2026-07-30T13:53:22Z</Time>
          <DistanceMeters>64.7</DistanceMeters>
          <Cadence>31</Cadence>
          <SensorState>Present</SensorState>
          <HeartRateBpm>
            <Value>173</Value>
          </HeartRateBpm>
          <Extensions>
            <TPX xmlns="https://www.garmin.com/xmlschemas/ActivityExtension/v2">
              <Watts>55</Watts>
            </TPX>
          </Extensions>
        </Trackpoint>
        <Trackpoint>
          <Time>2026-07-30T13:53:24Z</Time>
          <DistanceMeters>71.3</DistanceMeters>
          <Cadence>31</Cadence>
          <SensorState>Present</SensorState>
          <HeartRateBpm>
            <Value>173</Value>
          </HeartRateBpm>
          <Extensions>
            <TPX xmlns="https://www.garmin.com/xmlschemas/ActivityExtension/v2">
              <Watts>58</Watts>
            </TPX>
          </Extensions>
        </Trackpoint>
        <Trackpoint>
          <Time>2026-07-30T13:53:27Z</Time>
          <DistanceMeters>78</DistanceMeters>
          <Cadence>31</Cadence>
          <SensorState>Present</SensorState>
          <HeartRateBpm>
            <Value>170</Value>
          </HeartRateBpm>
          <Extensions>
            <TPX xmlns="https://www.garmin.com/xmlschemas/ActivityExtension/v2">
              <Watts>58</Watts>
            </TPX>
          </Extensions>
        </Trackpoint>
        <Trackpoint>
          <Time>2026-07-30T13:53:29Z</Time>
          <DistanceMeters>84.5</DistanceMeters>
          <Cadence>31</Cadence>
          <SensorState>Present</SensorState>
          <HeartRateBpm>
            <Value>169</Value>
          </HeartRateBpm>
          <Extensions>
            <TPX xmlns="https://www.garmin.com/xmlschemas/ActivityExtension/v2">
              <Watts>59</Watts>
            </TPX>
          </Extensions>
        </Trackpoint>
        <Trackpoint>
          <Time>2026-07-30T13:53:32Z</Time>
          <DistanceMeters>91.2</DistanceMeters>
          <Cadence>31</Cadence>
          <SensorState>Present</SensorState>
          <HeartRateBpm>
            <Value>168</Value>
          </HeartRateBpm>
          <Extensions>
            <TPX xmlns="https://www.garmin.com/xmlschemas/ActivityExtension/v2">
              <Watts>61</Watts>
            </TPX>
          </Extensions>
        </Trackpoint>
        <Trackpoint>
          <Time>2026-07-30T13:53:34Z</Time>
          <DistanceMeters>98</DistanceMeters>
          <Cadence>31</Cadence>
          <SensorState>Present</SensorState>
          <HeartRateBpm>
            <Value>167</Value>
          </HeartRateBpm>
          <Extensions>
            <TPX xmlns="https://www.garmin.com/xmlschemas/ActivityExtension/v2">
              <Watts>63</Watts>
            </TPX>
          </Extensions>
        </Trackpoint>
        <Trackpoint>
          <Time>2026-07-30T13:53:36Z</Time>
          <DistanceMeters>104.7</DistanceMeters>
          <Cadence>31</Cadence>
          <SensorState>Present</SensorState>
          <HeartRateBpm>
            <Value>165</Value>
          </HeartRateBpm>
          <Extensions>
            <TPX xmlns="https://www.garmin.com/xmlschemas/ActivityExtension/v2">
              <Watts>67</Watts>
            </TPX>
          </Extensions>
        </Trackpoint>
        <Trackpoint>
          <Time>2026-07-30T13:53:39Z</Time>
          <DistanceMeters>111.4</DistanceMeters>
          <Cadence>31</Cadence>
          <SensorState>Present</SensorState>
          <HeartRateBpm>
            <Value>164</Value>
          </HeartRateBpm>
          <Extensions>
            <TPX xmlns="https://www.garmin.com/xmlschemas/ActivityExtension/v2">
              <Watts>67</Watts>
            </TPX>
          </Extensions>
        </Trackpoint>
        <Trackpoint>
          <Time>2026-07-30T13:53:41Z</Time>
          <DistanceMeters>118.7</DistanceMeters>
          <Cadence>31</Cadence>
          <SensorState>Present</SensorState>
          <HeartRateBpm>
            <Value>160</Value>
          </HeartRateBpm>
          <Extensions>
            <TPX xmlns="https://www.garmin.com/xmlschemas/ActivityExtension/v2">
              <Watts>71</Watts>
            </TPX>
          </Extensions>
        </Trackpoint>
        <Trackpoint>
          <Time>2026-07-30T13:53:43Z</Time>
          <DistanceMeters>126.1</DistanceMeters>
          <Cadence>31</Cadence>
          <SensorState>Present</SensorState>
          <HeartRateBpm>
            <Value>159</Value>
          </HeartRateBpm>
          <Extensions>
            <TPX xmlns="https://www.garmin.com/xmlschemas/ActivityExtension/v2">
              <Watts>71</Watts>
            </TPX>
          </Extensions>
        </Trackpoint>
        <Trackpoint>
          <Time>2026-07-30T13:53:46Z</Time>
          <DistanceMeters>133.5</DistanceMeters>
          <Cadence>31</Cadence>
          <SensorState>Present</SensorState>
          <HeartRateBpm>
            <Value>157</Value>
          </HeartRateBpm>
          <Extensions>
            <TPX xmlns="https://www.garmin.com/xmlschemas/ActivityExtension/v2">
              <Watts>76</Watts>
            </TPX>
          </Extensions>
        </Trackpoint>
        <Trackpoint>
          <Time>2026-07-30T13:53:48Z</Time>
          <DistanceMeters>140.8</DistanceMeters>
          <Cadence>31</Cadence>
          <SensorState>Present</SensorState>
          <HeartRateBpm>
            <Value>156</Value>
          </HeartRateBpm>
          <Extensions>
            <TPX xmlns="https://www.garmin.com/xmlschemas/ActivityExtension/v2">
              <Watts>79</Watts>
            </TPX>
          </Extensions>
        </Trackpoint>
        <Trackpoint>
          <Time>2026-07-30T13:53:51Z</Time>
          <DistanceMeters>148.1</DistanceMeters>
          <Cadence>31</Cadence>
          <SensorState>Present</SensorState>
          <HeartRateBpm>
            <Value>155</Value>
          </HeartRateBpm>
          <Extensions>
            <TPX xmlns="https://www.garmin.com/xmlschemas/ActivityExtension/v2">
              <Watts>83</Watts>
            </TPX>
          </Extensions>
        </Trackpoint>
        <Trackpoint>
          <Time>2026-07-30T13:53:53Z</Time>
          <DistanceMeters>155.4</DistanceMeters>
          <Cadence>31</Cadence>
          <SensorState>Present</SensorState>
          <HeartRateBpm>
            <Value>154</Value>
          </HeartRateBpm>
          <Extensions>
            <TPX xmlns="https://www.garmin.com/xmlschemas/ActivityExtension/v2">
              <Watts>83</Watts>
            </TPX>
          </Extensions>
        </Trackpoint>
        <Trackpoint>
          <Time>2026-07-30T13:53:55Z</Time>
          <DistanceMeters>162.5</DistanceMeters>
          <Cadence>31</Cadence>
          <SensorState>Present</SensorState>
          <HeartRateBpm>
            <Value>154</Value>
          </HeartRateBpm>
          <Extensions>
            <TPX xmlns="https://www.garmin.com/xmlschemas/ActivityExtension/v2">
              <Watts>83</Watts>
            </TPX>
          </Extensions>
        </Trackpoint>
        <Trackpoint>
          <Time>2026-07-30T13:53:57Z</Time>
          <DistanceMeters>169.9</DistanceMeters>
          <Cadence>31</Cadence>
          <SensorState>Present</SensorState>
          <HeartRateBpm>
            <Value>153</Value>
          </HeartRateBpm>
          <Extensions>
            <TPX xmlns="https://www.garmin.com/xmlschemas/ActivityExtension/v2">
              <Watts>85</Watts>
            </TPX>
          </Extensions>
        </Trackpoint>
        <Trackpoint>
          <Time>2026-07-30T13:54:00Z</Time>
          <DistanceMeters>176.9</DistanceMeters>
          <Cadence>31</Cadence>
          <SensorState>Present</SensorState>
          <HeartRateBpm>
            <Value>152</Value>
          </HeartRateBpm>
          <Extensions>
            <TPX xmlns="https://www.garmin.com/xmlschemas/ActivityExtension/v2">
              <Watts>93</Watts>
            </TPX>
          </Extensions>
        </Trackpoint>
        <Trackpoint>
          <Time>2026-07-30T13:54:02Z</Time>
          <DistanceMeters>184.7</DistanceMeters>
          <Cadence>31</Cadence>
          <SensorState>Present</SensorState>
          <HeartRateBpm>
            <Value>150</Value>
          </HeartRateBpm>
          <Extensions>
            <TPX xmlns="https://www.garmin.com/xmlschemas/ActivityExtension/v2">
              <Watts>94</Watts>
            </TPX>
          </Extensions>
        </Trackpoint>
        <Trackpoint>
          <Time>2026-07-30T13:54:04Z</Time>
          <DistanceMeters>192.1</DistanceMeters>
          <Cadence>31</Cadence>
          <SensorState>Present</SensorState>
          <HeartRateBpm>
            <Value>149</Value>
          </HeartRateBpm>
          <Extensions>
            <TPX xmlns="https://www.garmin.com/xmlschemas/ActivityExtension/v2">
              <Watts>92</Watts>
            </TPX>
          </Extensions>
        </Trackpoint>
        <Trackpoint>
          <Time>2026-07-30T13:54:07Z</Time>
          <DistanceMeters>199.3</DistanceMeters>
          <Cadence>31</Cadence>
          <SensorState>Present</SensorState>
          <HeartRateBpm>
            <Value>148</Value>
          </HeartRateBpm>
          <Extensions>
            <TPX xmlns="https://www.garmin.com/xmlschemas/ActivityExtension/v2">
              <Watts>92</Watts>
            </TPX>
          </Extensions>
        </Trackpoint>
        <Trackpoint>
          <Time>2026-07-30T13:54:09Z</Time>
          <DistanceMeters>206.6</DistanceMeters>
          <Cadence>31</Cadence>
          <SensorState>Present</SensorState>
          <HeartRateBpm>
            <Value>147</Value>
          </HeartRateBpm>
          <Extensions>
            <TPX xmlns="https://www.garmin.com/xmlschemas/ActivityExtension/v2">
              <Watts>102</Watts>
            </TPX>
          </Extensions>
        </Trackpoint>
        <Trackpoint>
          <Time>2026-07-30T13:54:11Z</Time>
          <DistanceMeters>214</DistanceMeters>
          <Cadence>31</Cadence>
          <SensorState>Present</SensorState>
          <HeartRateBpm>
            <Value>147</Value>
          </HeartRateBpm>
          <Extensions>
            <TPX xmlns="https://www.garmin.com/xmlschemas/ActivityExtension/v2">
              <Watts>92</Watts>
            </TPX>
          </Extensions>
        </Trackpoint>
        <Trackpoint>
          <Time>2026-07-30T13:54:13Z</Time>
          <DistanceMeters>220.9</DistanceMeters>
          <Cadence>31</Cadence>
          <SensorState>Present</SensorState>
          <HeartRateBpm>
            <Value>146</Value>
          </HeartRateBpm>
          <Extensions>
            <TPX xmlns="https://www.garmin.com/xmlschemas/ActivityExtension/v2">
              <Watts>92</Watts>
            </TPX>
          </Extensions>
        </Trackpoint>
        <Trackpoint>
          <Time>2026-07-30T13:54:15Z</Time>
          <DistanceMeters>227.3</DistanceMeters>
          <Cadence>31</Cadence>
          <SensorState>Present</SensorState>
          <HeartRateBpm>
            <Value>145</Value>
          </HeartRateBpm>
          <Extensions>
            <TPX xmlns="https://www.garmin.com/xmlschemas/ActivityExtension/v2">
              <Watts>97</Watts>
            </TPX>
          </Extensions>
        </Trackpoint>
        <Trackpoint>
          <Time>2026-07-30T13:54:18Z</Time>
          <DistanceMeters>234.1</DistanceMeters>
          <Cadence>31</Cadence>
          <SensorState>Present</SensorState>
          <HeartRateBpm>
            <Value>145</Value>
          </HeartRateBpm>
          <Extensions>
            <TPX xmlns="https://www.garmin.com/xmlschemas/ActivityExtension/v2">
              <Watts>71</Watts>
            </TPX>
          </Extensions>
        </Trackpoint>
        <Trackpoint>
          <Time>2026-07-30T13:54:20Z</Time>
          <DistanceMeters>241.5</DistanceMeters>
          <Cadence>31</Cadence>
          <SensorState>Present</SensorState>
          <HeartRateBpm>
            <Value>144</Value>
          </HeartRateBpm>
          <Extensions>
            <TPX xmlns="https://www.garmin.com/xmlschemas/ActivityExtension/v2">
              <Watts>99</Watts>
            </TPX>
          </Extensions>
        </Trackpoint>
        <Trackpoint>
          <Time>2026-07-30T13:54:22Z</Time>
          <DistanceMeters>249.3</DistanceMeters>
          <Cadence>31</Cadence>
          <SensorState>Present</SensorState>
          <HeartRateBpm>
            <Value>143</Value>
          </HeartRateBpm>
          <Extensions>
            <TPX xmlns="https://www.garmin.com/xmlschemas/ActivityExtension/v2">
              <Watts>112</Watts>
            </TPX>
          </Extensions>
        </Trackpoint>
        <Trackpoint>
          <Time>2026-07-30T13:54:24Z</Time>
          <DistanceMeters>257</DistanceMeters>
          <Cadence>31</Cadence>
          <SensorState>Present</SensorState>
          <HeartRateBpm>
            <Value>142</Value>
          </HeartRateBpm>
          <Extensions>
            <TPX xmlns="https://www.garmin.com/xmlschemas/ActivityExtension/v2">
              <Watts>112</Watts>
            </TPX>
          </Extensions>
        </Trackpoint>
        <Trackpoint>
          <Time>2026-07-30T13:54:26Z</Time>
          <DistanceMeters>263.9</DistanceMeters>
          <Cadence>31</Cadence>
          <SensorState>Present</SensorState>
          <HeartRateBpm>
            <Value>142</Value>
          </HeartRateBpm>
          <Extensions>
            <TPX xmlns="https://www.garmin.com/xmlschemas/ActivityExtension/v2">
              <Watts>115</Watts>
            </TPX>
          </Extensions>
        </Trackpoint>
        <Trackpoint>
          <Time>2026-07-30T13:54:29Z</Time>
          <DistanceMeters>271</DistanceMeters>
          <Cadence>31</Cadence>
          <SensorState>Present</SensorState>
          <HeartRateBpm>
            <Value>142</Value>
          </HeartRateBpm>
          <Extensions>
            <TPX xmlns="https://www.garmin.com/xmlschemas/ActivityExtension/v2">
              <Watts>94</Watts>
            </TPX>
          </Extensions>
        </Trackpoint>
        <Trackpoint>
          <Time>2026-07-30T13:54:31Z</Time>
          <DistanceMeters>278.4</DistanceMeters>
          <Cadence>31</Cadence>
          <SensorState>Present</SensorState>
          <HeartRateBpm>
            <Value>142</Value>
          </HeartRateBpm>
          <Extensions>
            <TPX xmlns="https://www.garmin.com/xmlschemas/ActivityExtension/v2">
              <Watts>94</Watts>
            </TPX>
          </Extensions>
        </Trackpoint>
        <Trackpoint>
          <Time>2026-07-30T13:54:33Z</Time>
          <DistanceMeters>286</DistanceMeters>
          <Cadence>31</Cadence>
          <SensorState>Present</SensorState>
          <HeartRateBpm>
            <Value>141</Value>
          </HeartRateBpm>
          <Extensions>
            <TPX xmlns="https://www.garmin.com/xmlschemas/ActivityExtension/v2">
              <Watts>114</Watts>
            </TPX>
          </Extensions>
        </Trackpoint>
        <Trackpoint>
          <Time>2026-07-30T13:54:35Z</Time>
          <DistanceMeters>294</DistanceMeters>
          <Cadence>31</Cadence>
          <SensorState>Present</SensorState>
          <HeartRateBpm>
            <Value>141</Value>
          </HeartRateBpm>
          <Extensions>
            <TPX xmlns="https://www.garmin.com/xmlschemas/ActivityExtension/v2">
              <Watts>124</Watts>
            </TPX>
          </Extensions>
        </Trackpoint>
        <Trackpoint>
          <Time>2026-07-30T13:54:37Z</Time>
          <DistanceMeters>301.8</DistanceMeters>
          <Cadence>31</Cadence>
          <SensorState>Present</SensorState>
          <HeartRateBpm>
            <Value>142</Value>
          </HeartRateBpm>
          <Extensions>
            <TPX xmlns="https://www.garmin.com/xmlschemas/ActivityExtension/v2">
              <Watts>124</Watts>
            </TPX>
          </Extensions>
        </Trackpoint>
        <Trackpoint>
          <Time>2026-07-30T13:54:40Z</Time>
          <DistanceMeters>309</DistanceMeters>
          <Cadence>31</Cadence>
          <SensorState>Present</SensorState>
          <HeartRateBpm>
            <Value>143</Value>
          </HeartRateBpm>
          <Extensions>
            <TPX xmlns="https://www.garmin.com/xmlschemas/ActivityExtension/v2">
              <Watts>104</Watts>
            </TPX>
          </Extensions>
        </Trackpoint>
        <Trackpoint>
          <Time>2026-07-30T13:54:42Z</Time>
          <DistanceMeters>316.5</DistanceMeters>
          <Cadence>31</Cadence>
          <SensorState>Present</SensorState>
          <HeartRateBpm>
            <Value>144</Value>
          </HeartRateBpm>
          <Extensions>
            <TPX xmlns="https://www.garmin.com/xmlschemas/ActivityExtension/v2">
              <Watts>104</Watts>
            </TPX>
          </Extensions>
        </Trackpoint>
        <Trackpoint>
          <Time>2026-07-30T13:54:44Z</Time>
          <DistanceMeters>324</DistanceMeters>
          <Cadence>31</Cadence>
          <SensorState>Present</SensorState>
          <HeartRateBpm>
            <Value>144</Value>
          </HeartRateBpm>
          <Extensions>
            <TPX xmlns="https://www.garmin.com/xmlschemas/ActivityExtension/v2">
              <Watts>110</Watts>
            </TPX>
          </Extensions>
        </Trackpoint>
        <Trackpoint>
          <Time>2026-07-30T13:54:46Z</Time>
          <DistanceMeters>331.7</DistanceMeters>
          <Cadence>31</Cadence>
          <SensorState>Present</SensorState>
          <HeartRateBpm>
            <Value>143</Value>
          </HeartRateBpm>
          <Extensions>
            <TPX xmlns="https://www.garmin.com/xmlschemas/ActivityExtension/v2">
              <Watts>112</Watts>
            </TPX>
          </Extensions>
        </Trackpoint>
        <Trackpoint>
          <Time>2026-07-30T13:54:48Z</Time>
          <DistanceMeters>339.3</DistanceMeters>
          <Cadence>31</Cadence>
          <SensorState>Present</SensorState>
          <HeartRateBpm>
            <Value>143</Value>
          </HeartRateBpm>
          <Extensions>
            <TPX xmlns="https://www.garmin.com/xmlschemas/ActivityExtension/v2">
              <Watts>112</Watts>
            </TPX>
          </Extensions>
        </Trackpoint>
        <Trackpoint>
          <Time>2026-07-30T13:54:51Z</Time>
          <DistanceMeters>346.8</DistanceMeters>
          <Cadence>31</Cadence>
          <SensorState>Present</SensorState>
          <HeartRateBpm>
            <Value>143</Value>
          </HeartRateBpm>
          <Extensions>
            <TPX xmlns="https://www.garmin.com/xmlschemas/ActivityExtension/v2">
              <Watts>116</Watts>
            </TPX>
          </Extensions>
        </Trackpoint>
        <Trackpoint>
          <Time>2026-07-30T13:54:53Z</Time>
          <DistanceMeters>354.4</DistanceMeters>
          <Cadence>31</Cadence>
          <SensorState>Present</SensorState>
          <HeartRateBpm>
            <Value>143</Value>
          </HeartRateBpm>
          <Extensions>
            <TPX xmlns="https://www.garmin.com/xmlschemas/ActivityExtension/v2">
              <Watts>119</Watts>
            </TPX>
          </Extensions>
        </Trackpoint>
        <Trackpoint>
          <Time>2026-07-30T13:54:55Z</Time>
          <DistanceMeters>361.9</DistanceMeters>
          <Cadence>31</Cadence>
          <SensorState>Present</SensorState>
          <HeartRateBpm>
            <Value>143</Value>
          </HeartRateBpm>
          <Extensions>
            <TPX xmlns="https://www.garmin.com/xmlschemas/ActivityExtension/v2">
              <Watts>119</Watts>
            </TPX>
          </Extensions>
        </Trackpoint>
        <Trackpoint>
          <Time>2026-07-30T13:54:57Z</Time>
          <DistanceMeters>369.9</DistanceMeters>
          <Cadence>31</Cadence>
          <SensorState>Present</SensorState>
          <HeartRateBpm>
            <Value>143</Value>
          </HeartRateBpm>
          <Extensions>
            <TPX xmlns="https://www.garmin.com/xmlschemas/ActivityExtension/v2">
              <Watts>117</Watts>
            </TPX>
          </Extensions>
        </Trackpoint>
        <Trackpoint>
          <Time>2026-07-30T13:54:59Z</Time>
          <DistanceMeters>377.2</DistanceMeters>
          <Cadence>31</Cadence>
          <SensorState>Present</SensorState>
          <HeartRateBpm>
            <Value>144</Value>
          </HeartRateBpm>
          <Extensions>
            <TPX xmlns="https://www.garmin.com/xmlschemas/ActivityExtension/v2">
              <Watts>106</Watts>
            </TPX>
          </Extensions>
        </Trackpoint>
        <Trackpoint>
          <Time>2026-07-30T13:55:02Z</Time>
          <DistanceMeters>384.6</DistanceMeters>
          <Cadence>31</Cadence>
          <SensorState>Present</SensorState>
          <HeartRateBpm>
            <Value>145</Value>
          </HeartRateBpm>
          <Extensions>
            <TPX xmlns="https://www.garmin.com/xmlschemas/ActivityExtension/v2">
              <Watts>100</Watts>
            </TPX>
          </Extensions>
        </Trackpoint>
        <Trackpoint>
          <Time>2026-07-30T13:55:04Z</Time>
          <DistanceMeters>391.5</DistanceMeters>
          <Cadence>31</Cadence>
          <SensorState>Present</SensorState>
          <HeartRateBpm>
            <Value>146</Value>
          </HeartRateBpm>
          <Extensions>
            <TPX xmlns="https://www.garmin.com/xmlschemas/ActivityExtension/v2">
              <Watts>97</Watts>
            </TPX>
          </Extensions>
        </Trackpoint>
        <Trackpoint>
          <Time>2026-07-30T13:55:06Z</Time>
          <DistanceMeters>398.9</DistanceMeters>
          <Cadence>31</Cadence>
          <SensorState>Present</SensorState>
          <HeartRateBpm>
            <Value>148</Value>
          </HeartRateBpm>
          <Extensions>
            <TPX xmlns="https://www.garmin.com/xmlschemas/ActivityExtension/v2">
              <Watts>97</Watts>
            </TPX>
          </Extensions>
        </Trackpoint>
        <Trackpoint>
          <Time>2026-07-30T13:55:08Z</Time>
          <DistanceMeters>406.6</DistanceMeters>
          <Cadence>31</Cadence>
          <SensorState>Present</SensorState>
          <HeartRateBpm>
            <Value>147</Value>
          </HeartRateBpm>
          <Extensions>
            <TPX xmlns="https://www.garmin.com/xmlschemas/ActivityExtension/v2">
              <Watts>98</Watts>
            </TPX>
          </Extensions>
        </Trackpoint>
        <Trackpoint>
          <Time>2026-07-30T13:55:10Z</Time>
          <DistanceMeters>414.4</DistanceMeters>
          <Cadence>31</Cadence>
          <SensorState>Present</SensorState>
          <HeartRateBpm>
            <Value>147</Value>
          </HeartRateBpm>
          <Extensions>
            <TPX xmlns="https://www.garmin.com/xmlschemas/ActivityExtension/v2">
              <Watts>108</Watts>
            </TPX>
          </Extensions>
        </Trackpoint>
        <Trackpoint>
          <Time>2026-07-30T13:55:13Z</Time>
          <DistanceMeters>422.2</DistanceMeters>
          <Cadence>31</Cadence>
          <SensorState>Present</SensorState>
          <HeartRateBpm>
            <Value>146</Value>
          </HeartRateBpm>
          <Extensions>
            <TPX xmlns="https://www.garmin.com/xmlschemas/ActivityExtension/v2">
              <Watts>108</Watts>
            </TPX>
          </Extensions>
        </Trackpoint>
        <Trackpoint>
          <Time>2026-07-30T13:55:15Z</Time>
          <DistanceMeters>429.4</DistanceMeters>
          <Cadence>31</Cadence>
          <SensorState>Present</SensorState>
          <HeartRateBpm>
            <Value>145</Value>
          </HeartRateBpm>
          <Extensions>
            <TPX xmlns="https://www.garmin.com/xmlschemas/ActivityExtension/v2">
              <Watts>96</Watts>
            </TPX>
          </Extensions>
        </Trackpoint>
        <Trackpoint>
          <Time>2026-07-30T13:55:17Z</Time>
          <DistanceMeters>436.2</DistanceMeters>
          <Cadence>31</Cadence>
          <SensorState>Present</SensorState>
          <HeartRateBpm>
            <Value>143</Value>
          </HeartRateBpm>
          <Extensions>
            <TPX xmlns="https://www.garmin.com/xmlschemas/ActivityExtension/v2">
              <Watts>96</Watts>
            </TPX>
          </Extensions>
        </Trackpoint>
        <Trackpoint>
          <Time>2026-07-30T13:55:19Z</Time>
          <DistanceMeters>443.1</DistanceMeters>
          <Cadence>31</Cadence>
          <SensorState>Present</SensorState>
          <HeartRateBpm>
            <Value>143</Value>
          </HeartRateBpm>
          <Extensions>
            <TPX xmlns="https://www.garmin.com/xmlschemas/ActivityExtension/v2">
              <Watts>87</Watts>
            </TPX>
          </Extensions>
        </Trackpoint>
        <Trackpoint>
          <Time>2026-07-30T13:55:22Z</Time>
          <DistanceMeters>450.5</DistanceMeters>
          <Cadence>31</Cadence>
          <SensorState>Present</SensorState>
          <HeartRateBpm>
            <Value>143</Value>
          </HeartRateBpm>
          <Extensions>
            <TPX xmlns="https://www.garmin.com/xmlschemas/ActivityExtension/v2">
              <Watts>91</Watts>
            </TPX>
          </Extensions>
        </Trackpoint>
        <Trackpoint>
          <Time>2026-07-30T13:55:24Z</Time>
          <DistanceMeters>458.1</DistanceMeters>
          <Cadence>31</Cadence>
          <SensorState>Present</SensorState>
          <HeartRateBpm>
            <Value>144</Value>
          </HeartRateBpm>
          <Extensions>
            <TPX xmlns="https://www.garmin.com/xmlschemas/ActivityExtension/v2">
              <Watts>91</Watts>
            </TPX>
          </Extensions>
        </Trackpoint>
        <Trackpoint>
          <Time>2026-07-30T13:55:26Z</Time>
          <DistanceMeters>465.6</DistanceMeters>
          <Cadence>31</Cadence>
          <SensorState>Present</SensorState>
          <HeartRateBpm>
            <Value>144</Value>
          </HeartRateBpm>
          <Extensions>
            <TPX xmlns="https://www.garmin.com/xmlschemas/ActivityExtension/v2">
              <Watts>114</Watts>
            </TPX>
          </Extensions>
        </Trackpoint>
        <Trackpoint>
          <Time>2026-07-30T13:55:28Z</Time>
          <DistanceMeters>472.7</DistanceMeters>
          <Cadence>31</Cadence>
          <SensorState>Present</SensorState>
          <HeartRateBpm>
            <Value>143</Value>
          </HeartRateBpm>
          <Extensions>
            <TPX xmlns="https://www.garmin.com/xmlschemas/ActivityExtension/v2">
              <Watts>114</Watts>
            </TPX>
          </Extensions>
        </Trackpoint>
        <Trackpoint>
          <Time>2026-07-30T13:55:30Z</Time>
          <DistanceMeters>479.9</DistanceMeters>
          <Cadence>31</Cadence>
          <SensorState>Present</SensorState>
          <HeartRateBpm>
            <Value>143</Value>
          </HeartRateBpm>
          <Extensions>
            <TPX xmlns="https://www.garmin.com/xmlschemas/ActivityExtension/v2">
              <Watts>88</Watts>
            </TPX>
          </Extensions>
        </Trackpoint>
        <Trackpoint>
          <Time>2026-07-30T13:55:33Z</Time>
          <DistanceMeters>486.9</DistanceMeters>
          <Cadence>31</Cadence>
          <SensorState>Present</SensorState>
          <HeartRateBpm>
            <Value>142</Value>
          </HeartRateBpm>
          <Extensions>
            <TPX xmlns="https://www.garmin.com/xmlschemas/ActivityExtension/v2">
              <Watts>90</Watts>
            </TPX>
          </Extensions>
        </Trackpoint>
        <Trackpoint>
          <Time>2026-07-30T13:55:35Z</Time>
          <DistanceMeters>493.8</DistanceMeters>
          <Cadence>31</Cadence>
          <SensorState>Present</SensorState>
          <HeartRateBpm>
            <Value>140</Value>
          </HeartRateBpm>
          <Extensions>
            <TPX xmlns="https://www.garmin.com/xmlschemas/ActivityExtension/v2">
              <Watts>89</Watts>
            </TPX>
          </Extensions>
        </Trackpoint>
        <Trackpoint>
          <Time>2026-07-30T13:55:37Z</Time>
          <DistanceMeters>501</DistanceMeters>
          <Cadence>31</Cadence>
          <SensorState>Present</SensorState>
          <HeartRateBpm>
            <Value>140</Value>
          </HeartRateBpm>
          <Extensions>
            <TPX xmlns="https://www.garmin.com/xmlschemas/ActivityExtension/v2">
              <Watts>92</Watts>
            </TPX>
          </Extensions>
        </Trackpoint>
        <Trackpoint>
          <Time>2026-07-30T13:55:39Z</Time>
          <DistanceMeters>508.4</DistanceMeters>
          <Cadence>31</Cadence>
          <SensorState>Present</SensorState>
          <HeartRateBpm>
            <Value>139</Value>
          </HeartRateBpm>
          <Extensions>
            <TPX xmlns="https://www.garmin.com/xmlschemas/ActivityExtension/v2">
              <Watts>92</Watts>
            </TPX>
          </Extensions>
        </Trackpoint>
        <Trackpoint>
          <Time>2026-07-30T13:55:41Z</Time>
          <DistanceMeters>515.4</DistanceMeters>
          <Cadence>31</Cadence>
          <SensorState>Present</SensorState>
          <HeartRateBpm>
            <Value>139</Value>
          </HeartRateBpm>
          <Extensions>
            <TPX xmlns="https://www.garmin.com/xmlschemas/ActivityExtension/v2">
              <Watts>94</Watts>
            </TPX>
          </Extensions>
        </Trackpoint>
        <Trackpoint>
          <Time>2026-07-30T13:55:44Z</Time>
          <DistanceMeters>522.7</DistanceMeters>
          <Cadence>31</Cadence>
          <SensorState>Present</SensorState>
          <HeartRateBpm>
            <Value>139</Value>
          </HeartRateBpm>
          <Extensions>
            <TPX xmlns="https://www.garmin.com/xmlschemas/ActivityExtension/v2">
              <Watts>93</Watts>
            </TPX>
          </Extensions>
        </Trackpoint>
        <Trackpoint>
          <Time>2026-07-30T13:55:46Z</Time>
          <DistanceMeters>529.6</DistanceMeters>
          <Cadence>31</Cadence>
          <SensorState>Present</SensorState>
          <HeartRateBpm>
            <Value>139</Value>
          </HeartRateBpm>
          <Extensions>
            <TPX xmlns="https://www.garmin.com/xmlschemas/ActivityExtension/v2">
              <Watts>96</Watts>
            </TPX>
          </Extensions>
        </Trackpoint>
        <Trackpoint>
          <Time>2026-07-30T13:55:48Z</Time>
          <DistanceMeters>536.6</DistanceMeters>
          <Cadence>31</Cadence>
          <SensorState>Present</SensorState>
          <HeartRateBpm>
            <Value>139</Value>
          </HeartRateBpm>
          <Extensions>
            <TPX xmlns="https://www.garmin.com/xmlschemas/ActivityExtension/v2">
              <Watts>96</Watts>
            </TPX>
          </Extensions>
        </Trackpoint>
        <Trackpoint>
          <Time>2026-07-30T13:55:50Z</Time>
          <DistanceMeters>543.7</DistanceMeters>
          <Cadence>31</Cadence>
          <SensorState>Present</SensorState>
          <HeartRateBpm>
            <Value>139</Value>
          </HeartRateBpm>
          <Extensions>
            <TPX xmlns="https://www.garmin.com/xmlschemas/ActivityExtension/v2">
              <Watts>95</Watts>
            </TPX>
          </Extensions>
        </Trackpoint>
        <Trackpoint>
          <Time>2026-07-30T13:55:52Z</Time>
          <DistanceMeters>550.4</DistanceMeters>
          <Cadence>31</Cadence>
          <SensorState>Present</SensorState>
          <HeartRateBpm>
            <Value>139</Value>
          </HeartRateBpm>
          <Extensions>
            <TPX xmlns="https://www.garmin.com/xmlschemas/ActivityExtension/v2">
              <Watts>93</Watts>
            </TPX>
          </Extensions>
        </Trackpoint>
        <Trackpoint>
          <Time>2026-07-30T13:55:54Z</Time>
          <DistanceMeters>557.2</DistanceMeters>
          <Cadence>31</Cadence>
          <SensorState>Present</SensorState>
          <HeartRateBpm>
            <Value>139</Value>
          </HeartRateBpm>
          <Extensions>
            <TPX xmlns="https://www.garmin.com/xmlschemas/ActivityExtension/v2">
              <Watts>93</Watts>
            </TPX>
          </Extensions>
        </Trackpoint>
        <Trackpoint>
          <Time>2026-07-30T13:55:56Z</Time>
          <DistanceMeters>564.5</DistanceMeters>
          <Cadence>31</Cadence>
          <SensorState>Present</SensorState>
          <HeartRateBpm>
            <Value>139</Value>
          </HeartRateBpm>
          <Extensions>
            <TPX xmlns="https://www.garmin.com/xmlschemas/ActivityExtension/v2">
              <Watts>93</Watts>
            </TPX>
          </Extensions>
        </Trackpoint>
        <Trackpoint>
          <Time>2026-07-30T13:55:59Z</Time>
          <DistanceMeters>572</DistanceMeters>
          <Cadence>31</Cadence>
          <SensorState>Present</SensorState>
          <HeartRateBpm>
            <Value>138</Value>
          </HeartRateBpm>
          <Extensions>
            <TPX xmlns="https://www.garmin.com/xmlschemas/ActivityExtension/v2">
              <Watts>104</Watts>
            </TPX>
          </Extensions>
        </Trackpoint>
      </Track>
    </Lap>
    <Lap StartTime="2026-07-30T13:56:00Z ">
      <TotalTimeSeconds>240</TotalTimeSeconds>
      <DistanceMeters>962</DistanceMeters>
      <MaximumSpeed>4.41</MaximumSpeed>
      <Calories>61</Calories>
      <Intensity>Active</Intensity>
      <TriggerMethod>Manual</TriggerMethod>
      <Track>
        <Trackpoint>
          <Time>2026-07-30T13:56:00Z</Time>
          <DistanceMeters>0</DistanceMeters>
          <Cadence>31</Cadence>
          <SensorState>Present</SensorState>
          <HeartRateBpm>
            <Value>139</Value>
          </HeartRateBpm>
          <Extensions>
            <TPX xmlns="https://www.garmin.com/xmlschemas/ActivityExtension/v2">
              <Watts>104</Watts>
            </TPX>
          </Extensions>
        </Trackpoint>
        <Trackpoint>
          <Time>2026-07-30T13:56:00Z</Time>
          <DistanceMeters>3.3</DistanceMeters>
          <Cadence>0</Cadence>
          <SensorState>Present</SensorState>
          <HeartRateBpm>
            <Value>139</Value>
          </HeartRateBpm>
          <Extensions>
            <TPX xmlns="https://www.garmin.com/xmlschemas/ActivityExtension/v2">
              <Watts>160</Watts>
            </TPX>
          </Extensions>
        </Trackpoint>
        <Trackpoint>
          <Time>2026-07-30T13:56:02Z</Time>
          <DistanceMeters>11.4</DistanceMeters>
          <Cadence>29</Cadence>
          <SensorState>Present</SensorState>
          <HeartRateBpm>
            <Value>139</Value>
          </HeartRateBpm>
          <Extensions>
            <TPX xmlns="https://www.garmin.com/xmlschemas/ActivityExtension/v2">
              <Watts>174</Watts>
            </TPX>
          </Extensions>
        </Trackpoint>
        <Trackpoint>
          <Time>2026-07-30T13:56:05Z</Time>
          <DistanceMeters>19.8</DistanceMeters>
          <Cadence>29</Cadence>
          <SensorState>Present</SensorState>
          <HeartRateBpm>
            <Value>139</Value>
          </HeartRateBpm>
          <Extensions>
            <TPX xmlns="https://www.garmin.com/xmlschemas/ActivityExtension/v2">
              <Watts>174</Watts>
            </TPX>
          </Extensions>
        </Trackpoint>
        <Trackpoint>
          <Time>2026-07-30T13:56:07Z</Time>
          <DistanceMeters>28.1</DistanceMeters>
          <Cadence>27</Cadence>
          <SensorState>Present</SensorState>
          <HeartRateBpm>
            <Value>139</Value>
          </HeartRateBpm>
          <Extensions>
            <TPX xmlns="https://www.garmin.com/xmlschemas/ActivityExtension/v2">
              <Watts>151</Watts>
            </TPX>
          </Extensions>
        </Trackpoint>
        <Trackpoint>
          <Time>2026-07-30T13:56:09Z</Time>
          <DistanceMeters>35.7</DistanceMeters>
          <Cadence>30</Cadence>
          <SensorState>Present</SensorState>
          <HeartRateBpm>
            <Value>140</Value>
          </HeartRateBpm>
          <Extensions>
            <TPX xmlns="https://www.garmin.com/xmlschemas/ActivityExtension/v2">
              <Watts>148</Watts>
            </TPX>
          </Extensions>
        </Trackpoint>
        <Trackpoint>
          <Time>2026-07-30T13:56:11Z</Time>
          <DistanceMeters>43.9</DistanceMeters>
          <Cadence>28</Cadence>
          <SensorState>Present</SensorState>
          <HeartRateBpm>
            <Value>139</Value>
          </HeartRateBpm>
          <Extensions>
            <TPX xmlns="https://www.garmin.com/xmlschemas/ActivityExtension/v2">
              <Watts>157</Watts>
            </TPX>
          </Extensions>
        </Trackpoint>
        <Trackpoint>
          <Time>2026-07-30T13:56:13Z</Time>
          <DistanceMeters>52.1</DistanceMeters>
          <Cadence>28</Cadence>
          <SensorState>Present</SensorState>
          <HeartRateBpm>
            <Value>139</Value>
          </HeartRateBpm>
          <Extensions>
            <TPX xmlns="https://www.garmin.com/xmlschemas/ActivityExtension/v2">
              <Watts>157</Watts>
            </TPX>
          </Extensions>
        </Trackpoint>
        <Trackpoint>
          <Time>2026-07-30T13:56:15Z</Time>
          <DistanceMeters>60.3</DistanceMeters>
          <Cadence>28</Cadence>
          <SensorState>Present</SensorState>
          <HeartRateBpm>
            <Value>139</Value>
          </HeartRateBpm>
          <Extensions>
            <TPX xmlns="https://www.garmin.com/xmlschemas/ActivityExtension/v2">
              <Watts>156</Watts>
            </TPX>
          </Extensions>
        </Trackpoint>
        <Trackpoint>
          <Time>2026-07-30T13:56:17Z</Time>
          <DistanceMeters>68.5</DistanceMeters>
          <Cadence>28</Cadence>
          <SensorState>Present</SensorState>
          <HeartRateBpm>
            <Value>140</Value>
          </HeartRateBpm>
          <Extensions>
            <TPX xmlns="https://www.garmin.com/xmlschemas/ActivityExtension/v2">
              <Watts>161</Watts>
            </TPX>
          </Extensions>
        </Trackpoint>
        <Trackpoint>
          <Time>2026-07-30T13:56:19Z</Time>
          <DistanceMeters>76.7</DistanceMeters>
          <Cadence>28</Cadence>
          <SensorState>Present</SensorState>
          <HeartRateBpm>
            <Value>140</Value>
          </HeartRateBpm>
          <Extensions>
            <TPX xmlns="https://www.garmin.com/xmlschemas/ActivityExtension/v2">
              <Watts>165</Watts>
            </TPX>
          </Extensions>
        </Trackpoint>
        <Trackpoint>
          <Time>2026-07-30T13:56:21Z</Time>
          <DistanceMeters>84.8</DistanceMeters>
          <Cadence>29</Cadence>
          <SensorState>Present</SensorState>
          <HeartRateBpm>
            <Value>141</Value>
          </HeartRateBpm>
          <Extensions>
            <TPX xmlns="https://www.garmin.com/xmlschemas/ActivityExtension/v2">
              <Watts>160</Watts>
            </TPX>
          </Extensions>
        </Trackpoint>
        <Trackpoint>
          <Time>2026-07-30T13:56:23Z</Time>
          <DistanceMeters>92.6</DistanceMeters>
          <Cadence>29</Cadence>
          <SensorState>Present</SensorState>
          <HeartRateBpm>
            <Value>141</Value>
          </HeartRateBpm>
          <Extensions>
            <TPX xmlns="https://www.garmin.com/xmlschemas/ActivityExtension/v2">
              <Watts>156</Watts>
            </TPX>
          </Extensions>
        </Trackpoint>
        <Trackpoint>
          <Time>2026-07-30T13:56:26Z</Time>
          <DistanceMeters>100.6</DistanceMeters>
          <Cadence>29</Cadence>
          <SensorState>Present</SensorState>
          <HeartRateBpm>
            <Value>142</Value>
          </HeartRateBpm>
          <Extensions>
            <TPX xmlns="https://www.garmin.com/xmlschemas/ActivityExtension/v2">
              <Watts>159</Watts>
            </TPX>
          </Extensions>
        </Trackpoint>
        <Trackpoint>
          <Time>2026-07-30T13:56:27Z</Time>
          <DistanceMeters>108.2</DistanceMeters>
          <Cadence>29</Cadence>
          <SensorState>Present</SensorState>
          <HeartRateBpm>
            <Value>142</Value>
          </HeartRateBpm>
          <Extensions>
            <TPX xmlns="https://www.garmin.com/xmlschemas/ActivityExtension/v2">
              <Watts>159</Watts>
            </TPX>
          </Extensions>
        </Trackpoint>
        <Trackpoint>
          <Time>2026-07-30T13:56:30Z</Time>
          <DistanceMeters>116.5</DistanceMeters>
          <Cadence>31</Cadence>
          <SensorState>Present</SensorState>
          <HeartRateBpm>
            <Value>142</Value>
          </HeartRateBpm>
          <Extensions>
            <TPX xmlns="https://www.garmin.com/xmlschemas/ActivityExtension/v2">
              <Watts>167</Watts>
            </TPX>
          </Extensions>
        </Trackpoint>
        <Trackpoint>
          <Time>2026-07-30T13:56:32Z</Time>
          <DistanceMeters>124.6</DistanceMeters>
          <Cadence>29</Cadence>
          <SensorState>Present</SensorState>
          <HeartRateBpm>
            <Value>144</Value>
          </HeartRateBpm>
          <Extensions>
            <TPX xmlns="https://www.garmin.com/xmlschemas/ActivityExtension/v2">
              <Watts>178</Watts>
            </TPX>
          </Extensions>
        </Trackpoint>
        <Trackpoint>
          <Time>2026-07-30T13:56:34Z</Time>
          <DistanceMeters>132.6</DistanceMeters>
          <Cadence>29</Cadence>
          <SensorState>Present</SensorState>
          <HeartRateBpm>
            <Value>144</Value>
          </HeartRateBpm>
          <Extensions>
            <TPX xmlns="https://www.garmin.com/xmlschemas/ActivityExtension/v2">
              <Watts>170</Watts>
            </TPX>
          </Extensions>
        </Trackpoint>
        <Trackpoint>
          <Time>2026-07-30T13:56:36Z</Time>
          <DistanceMeters>140.5</DistanceMeters>
          <Cadence>29</Cadence>
          <SensorState>Present</SensorState>
          <HeartRateBpm>
            <Value>144</Value>
          </HeartRateBpm>
          <Extensions>
            <TPX xmlns="https://www.garmin.com/xmlschemas/ActivityExtension/v2">
              <Watts>169</Watts>
            </TPX>
          </Extensions>
        </Trackpoint>
        <Trackpoint>
          <Time>2026-07-30T13:56:38Z</Time>
          <DistanceMeters>148.2</DistanceMeters>
          <Cadence>29</Cadence>
          <SensorState>Present</SensorState>
          <HeartRateBpm>
            <Value>145</Value>
          </HeartRateBpm>
          <Extensions>
            <TPX xmlns="https://www.garmin.com/xmlschemas/ActivityExtension/v2">
              <Watts>169</Watts>
            </TPX>
          </Extensions>
        </Trackpoint>
        <Trackpoint>
          <Time>2026-07-30T13:56:40Z</Time>
          <DistanceMeters>155.8</DistanceMeters>
          <Cadence>31</Cadence>
          <SensorState>Present</SensorState>
          <HeartRateBpm>
            <Value>146</Value>
          </HeartRateBpm>
          <Extensions>
            <TPX xmlns="https://www.garmin.com/xmlschemas/ActivityExtension/v2">
              <Watts>172</Watts>
            </TPX>
          </Extensions>
        </Trackpoint>
        <Trackpoint>
          <Time>2026-07-30T13:56:42Z</Time>
          <DistanceMeters>163.5</DistanceMeters>
          <Cadence>30</Cadence>
          <SensorState>Present</SensorState>
          <HeartRateBpm>
            <Value>146</Value>
          </HeartRateBpm>
          <Extensions>
            <TPX xmlns="https://www.garmin.com/xmlschemas/ActivityExtension/v2">
              <Watts>156</Watts>
            </TPX>
          </Extensions>
        </Trackpoint>
        <Trackpoint>
          <Time>2026-07-30T13:56:44Z</Time>
          <DistanceMeters>171.3</DistanceMeters>
          <Cadence>30</Cadence>
          <SensorState>Present</SensorState>
          <HeartRateBpm>
            <Value>147</Value>
          </HeartRateBpm>
          <Extensions>
            <TPX xmlns="https://www.garmin.com/xmlschemas/ActivityExtension/v2">
              <Watts>162</Watts>
            </TPX>
          </Extensions>
        </Trackpoint>
        <Trackpoint>
          <Time>2026-07-30T13:56:46Z</Time>
          <DistanceMeters>179.2</DistanceMeters>
          <Cadence>29</Cadence>
          <SensorState>Present</SensorState>
          <HeartRateBpm>
            <Value>147</Value>
          </HeartRateBpm>
          <Extensions>
            <TPX xmlns="https://www.garmin.com/xmlschemas/ActivityExtension/v2">
              <Watts>158</Watts>
            </TPX>
          </Extensions>
        </Trackpoint>
        <Trackpoint>
          <Time>2026-07-30T13:56:48Z</Time>
          <DistanceMeters>187</DistanceMeters>
          <Cadence>29</Cadence>
          <SensorState>Present</SensorState>
          <HeartRateBpm>
            <Value>148</Value>
          </HeartRateBpm>
          <Extensions>
            <TPX xmlns="https://www.garmin.com/xmlschemas/ActivityExtension/v2">
              <Watts>151</Watts>
            </TPX>
          </Extensions>
        </Trackpoint>
        <Trackpoint>
          <Time>2026-07-30T13:56:50Z</Time>
          <DistanceMeters>195</DistanceMeters>
          <Cadence>29</Cadence>
          <SensorState>Present</SensorState>
          <HeartRateBpm>
            <Value>149</Value>
          </HeartRateBpm>
          <Extensions>
            <TPX xmlns="https://www.garmin.com/xmlschemas/ActivityExtension/v2">
              <Watts>148</Watts>
            </TPX>
          </Extensions>
        </Trackpoint>
        <Trackpoint>
          <Time>2026-07-30T13:56:52Z</Time>
          <DistanceMeters>203</DistanceMeters>
          <Cadence>29</Cadence>
          <SensorState>Present</SensorState>
          <HeartRateBpm>
            <Value>150</Value>
          </HeartRateBpm>
          <Extensions>
            <TPX xmlns="https://www.garmin.com/xmlschemas/ActivityExtension/v2">
              <Watts>157</Watts>
            </TPX>
          </Extensions>
        </Trackpoint>
        <Trackpoint>
          <Time>2026-07-30T13:56:54Z</Time>
          <DistanceMeters>210.8</DistanceMeters>
          <Cadence>29</Cadence>
          <SensorState>Present</SensorState>
          <HeartRateBpm>
            <Value>150</Value>
          </HeartRateBpm>
          <Extensions>
            <TPX xmlns="https://www.garmin.com/xmlschemas/ActivityExtension/v2">
              <Watts>152</Watts>
            </TPX>
          </Extensions>
        </Trackpoint>
        <Trackpoint>
          <Time>2026-07-30T13:56:56Z</Time>
          <DistanceMeters>218.5</DistanceMeters>
          <Cadence>29</Cadence>
          <SensorState>Present</SensorState>
          <HeartRateBpm>
            <Value>151</Value>
          </HeartRateBpm>
          <Extensions>
            <TPX xmlns="https://www.garmin.com/xmlschemas/ActivityExtension/v2">
              <Watts>153</Watts>
            </TPX>
          </Extensions>
        </Trackpoint>
        <Trackpoint>
          <Time>2026-07-30T13:56:58Z</Time>
          <DistanceMeters>226.7</DistanceMeters>
          <Cadence>28</Cadence>
          <SensorState>Present</SensorState>
          <HeartRateBpm>
            <Value>151</Value>
          </HeartRateBpm>
          <Extensions>
            <TPX xmlns="https://www.garmin.com/xmlschemas/ActivityExtension/v2">
              <Watts>148</Watts>
            </TPX>
          </Extensions>
        </Trackpoint>
        <Trackpoint>
          <Time>2026-07-30T13:57:00Z</Time>
          <DistanceMeters>234.9</DistanceMeters>
          <Cadence>28</Cadence>
          <SensorState>Present</SensorState>
          <HeartRateBpm>
            <Value>153</Value>
          </HeartRateBpm>
          <Extensions>
            <TPX xmlns="https://www.garmin.com/xmlschemas/ActivityExtension/v2">
              <Watts>148</Watts>
            </TPX>
          </Extensions>
        </Trackpoint>
        <Trackpoint>
          <Time>2026-07-30T13:57:02Z</Time>
          <DistanceMeters>243.1</DistanceMeters>
          <Cadence>27</Cadence>
          <SensorState>Present</SensorState>
          <HeartRateBpm>
            <Value>153</Value>
          </HeartRateBpm>
          <Extensions>
            <TPX xmlns="https://www.garmin.com/xmlschemas/ActivityExtension/v2">
              <Watts>150</Watts>
            </TPX>
          </Extensions>
        </Trackpoint>
        <Trackpoint>
          <Time>2026-07-30T13:57:05Z</Time>
          <DistanceMeters>251</DistanceMeters>
          <Cadence>29</Cadence>
          <SensorState>Present</SensorState>
          <HeartRateBpm>
            <Value>153</Value>
          </HeartRateBpm>
          <Extensions>
            <TPX xmlns="https://www.garmin.com/xmlschemas/ActivityExtension/v2">
              <Watts>150</Watts>
            </TPX>
          </Extensions>
        </Trackpoint>
        <Trackpoint>
          <Time>2026-07-30T13:57:07Z</Time>
          <DistanceMeters>259</DistanceMeters>
          <Cadence>29</Cadence>
          <SensorState>Present</SensorState>
          <HeartRateBpm>
            <Value>153</Value>
          </HeartRateBpm>
          <Extensions>
            <TPX xmlns="https://www.garmin.com/xmlschemas/ActivityExtension/v2">
              <Watts>159</Watts>
            </TPX>
          </Extensions>
        </Trackpoint>
        <Trackpoint>
          <Time>2026-07-30T13:57:09Z</Time>
          <DistanceMeters>267.2</DistanceMeters>
          <Cadence>30</Cadence>
          <SensorState>Present</SensorState>
          <HeartRateBpm>
            <Value>153</Value>
          </HeartRateBpm>
          <Extensions>
            <TPX xmlns="https://www.garmin.com/xmlschemas/ActivityExtension/v2">
              <Watts>186</Watts>
            </TPX>
          </Extensions>
        </Trackpoint>
        <Trackpoint>
          <Time>2026-07-30T13:57:11Z</Time>
          <DistanceMeters>275.3</DistanceMeters>
          <Cadence>30</Cadence>
          <SensorState>Present</SensorState>
          <HeartRateBpm>
            <Value>154</Value>
          </HeartRateBpm>
          <Extensions>
            <TPX xmlns="https://www.garmin.com/xmlschemas/ActivityExtension/v2">
              <Watts>186</Watts>
            </TPX>
          </Extensions>
        </Trackpoint>
        <Trackpoint>
          <Time>2026-07-30T13:57:12Z</Time>
          <DistanceMeters>283.1</DistanceMeters>
          <Cadence>31</Cadence>
          <SensorState>Present</SensorState>
          <HeartRateBpm>
            <Value>155</Value>
          </HeartRateBpm>
          <Extensions>
            <TPX xmlns="https://www.garmin.com/xmlschemas/ActivityExtension/v2">
              <Watts>201</Watts>
            </TPX>
          </Extensions>
        </Trackpoint>
        <Trackpoint>
          <Time>2026-07-30T13:57:14Z</Time>
          <DistanceMeters>291</DistanceMeters>
          <Cadence>31</Cadence>
          <SensorState>Present</SensorState>
          <HeartRateBpm>
            <Value>155</Value>
          </HeartRateBpm>
          <Extensions>
            <TPX xmlns="https://www.garmin.com/xmlschemas/ActivityExtension/v2">
              <Watts>185</Watts>
            </TPX>
          </Extensions>
        </Trackpoint>
        <Trackpoint>
          <Time>2026-07-30T13:57:16Z</Time>
          <DistanceMeters>299</DistanceMeters>
          <Cadence>31</Cadence>
          <SensorState>Present</SensorState>
          <HeartRateBpm>
            <Value>155</Value>
          </HeartRateBpm>
          <Extensions>
            <TPX xmlns="https://www.garmin.com/xmlschemas/ActivityExtension/v2">
              <Watts>185</Watts>
            </TPX>
          </Extensions>
        </Trackpoint>
        <Trackpoint>
          <Time>2026-07-30T13:57:18Z</Time>
          <DistanceMeters>307.3</DistanceMeters>
          <Cadence>30</Cadence>
          <SensorState>Present</SensorState>
          <HeartRateBpm>
            <Value>155</Value>
          </HeartRateBpm>
          <Extensions>
            <TPX xmlns="https://www.garmin.com/xmlschemas/ActivityExtension/v2">
              <Watts>202</Watts>
            </TPX>
          </Extensions>
        </Trackpoint>
        <Trackpoint>
          <Time>2026-07-30T13:57:20Z</Time>
          <DistanceMeters>315.6</DistanceMeters>
          <Cadence>30</Cadence>
          <SensorState>Present</SensorState>
          <HeartRateBpm>
            <Value>156</Value>
          </HeartRateBpm>
          <Extensions>
            <TPX xmlns="https://www.garmin.com/xmlschemas/ActivityExtension/v2">
              <Watts>206</Watts>
            </TPX>
          </Extensions>
        </Trackpoint>
        <Trackpoint>
          <Time>2026-07-30T13:57:22Z</Time>
          <DistanceMeters>323.6</DistanceMeters>
          <Cadence>31</Cadence>
          <SensorState>Present</SensorState>
          <HeartRateBpm>
            <Value>156</Value>
          </HeartRateBpm>
          <Extensions>
            <TPX xmlns="https://www.garmin.com/xmlschemas/ActivityExtension/v2">
              <Watts>193</Watts>
            </TPX>
          </Extensions>
        </Trackpoint>
        <Trackpoint>
          <Time>2026-07-30T13:57:24Z</Time>
          <DistanceMeters>331.6</DistanceMeters>
          <Cadence>31</Cadence>
          <SensorState>Present</SensorState>
          <HeartRateBpm>
            <Value>156</Value>
          </HeartRateBpm>
          <Extensions>
            <TPX xmlns="https://www.garmin.com/xmlschemas/ActivityExtension/v2">
              <Watts>194</Watts>
            </TPX>
          </Extensions>
        </Trackpoint>
        <Trackpoint>
          <Time>2026-07-30T13:57:26Z</Time>
          <DistanceMeters>339.3</DistanceMeters>
          <Cadence>31</Cadence>
          <SensorState>Present</SensorState>
          <HeartRateBpm>
            <Value>156</Value>
          </HeartRateBpm>
          <Extensions>
            <TPX xmlns="https://www.garmin.com/xmlschemas/ActivityExtension/v2">
              <Watts>194</Watts>
            </TPX>
          </Extensions>
        </Trackpoint>
        <Trackpoint>
          <Time>2026-07-30T13:57:28Z</Time>
          <DistanceMeters>346.8</DistanceMeters>
          <Cadence>32</Cadence>
          <SensorState>Present</SensorState>
          <HeartRateBpm>
            <Value>156</Value>
          </HeartRateBpm>
          <Extensions>
            <TPX xmlns="https://www.garmin.com/xmlschemas/ActivityExtension/v2">
              <Watts>182</Watts>
            </TPX>
          </Extensions>
        </Trackpoint>
        <Trackpoint>
          <Time>2026-07-30T13:57:30Z</Time>
          <DistanceMeters>354.5</DistanceMeters>
          <Cadence>32</Cadence>
          <SensorState>Present</SensorState>
          <HeartRateBpm>
            <Value>156</Value>
          </HeartRateBpm>
          <Extensions>
            <TPX xmlns="https://www.garmin.com/xmlschemas/ActivityExtension/v2">
              <Watts>182</Watts>
            </TPX>
          </Extensions>
        </Trackpoint>
        <Trackpoint>
          <Time>2026-07-30T13:57:32Z</Time>
          <DistanceMeters>362.1</DistanceMeters>
          <Cadence>32</Cadence>
          <SensorState>Present</SensorState>
          <HeartRateBpm>
            <Value>157</Value>
          </HeartRateBpm>
          <Extensions>
            <TPX xmlns="https://www.garmin.com/xmlschemas/ActivityExtension/v2">
              <Watts>179</Watts>
            </TPX>
          </Extensions>
        </Trackpoint>
        <Trackpoint>
          <Time>2026-07-30T13:57:34Z</Time>
          <DistanceMeters>369.6</DistanceMeters>
          <Cadence>32</Cadence>
          <SensorState>Present</SensorState>
          <HeartRateBpm>
            <Value>158</Value>
          </HeartRateBpm>
          <Extensions>
            <TPX xmlns="https://www.garmin.com/xmlschemas/ActivityExtension/v2">
              <Watts>186</Watts>
            </TPX>
          </Extensions>
        </Trackpoint>
        <Trackpoint>
          <Time>2026-07-30T13:57:35Z</Time>
          <DistanceMeters>377.3</DistanceMeters>
          <Cadence>32</Cadence>
          <SensorState>Present</SensorState>
          <HeartRateBpm>
            <Value>160</Value>
          </HeartRateBpm>
          <Extensions>
            <TPX xmlns="https://www.garmin.com/xmlschemas/ActivityExtension/v2">
              <Watts>186</Watts>
            </TPX>
          </Extensions>
        </Trackpoint>
        <Trackpoint>
          <Time>2026-07-30T13:57:37Z</Time>
          <DistanceMeters>384.8</DistanceMeters>
          <Cadence>32</Cadence>
          <SensorState>Present</SensorState>
          <HeartRateBpm>
            <Value>161</Value>
          </HeartRateBpm>
          <Extensions>
            <TPX xmlns="https://www.garmin.com/xmlschemas/ActivityExtension/v2">
              <Watts>184</Watts>
            </TPX>
          </Extensions>
        </Trackpoint>
        <Trackpoint>
          <Time>2026-07-30T13:57:39Z</Time>
          <DistanceMeters>392</DistanceMeters>
          <Cadence>32</Cadence>
          <SensorState>Present</SensorState>
          <HeartRateBpm>
            <Value>161</Value>
          </HeartRateBpm>
          <Extensions>
            <TPX xmlns="https://www.garmin.com/xmlschemas/ActivityExtension/v2">
              <Watts>176</Watts>
            </TPX>
          </Extensions>
        </Trackpoint>
        <Trackpoint>
          <Time>2026-07-30T13:57:41Z</Time>
          <DistanceMeters>399.6</DistanceMeters>
          <Cadence>32</Cadence>
          <SensorState>Present</SensorState>
          <HeartRateBpm>
            <Value>161</Value>
          </HeartRateBpm>
          <Extensions>
            <TPX xmlns="https://www.garmin.com/xmlschemas/ActivityExtension/v2">
              <Watts>180</Watts>
            </TPX>
          </Extensions>
        </Trackpoint>
        <Trackpoint>
          <Time>2026-07-30T13:57:43Z</Time>
          <DistanceMeters>407.2</DistanceMeters>
          <Cadence>32</Cadence>
          <SensorState>Present</SensorState>
          <HeartRateBpm>
            <Value>162</Value>
          </HeartRateBpm>
          <Extensions>
            <TPX xmlns="https://www.garmin.com/xmlschemas/ActivityExtension/v2">
              <Watts>186</Watts>
            </TPX>
          </Extensions>
        </Trackpoint>
        <Trackpoint>
          <Time>2026-07-30T13:57:45Z</Time>
          <DistanceMeters>414.8</DistanceMeters>
          <Cadence>32</Cadence>
          <SensorState>Present</SensorState>
          <HeartRateBpm>
            <Value>162</Value>
          </HeartRateBpm>
          <Extensions>
            <TPX xmlns="https://www.garmin.com/xmlschemas/ActivityExtension/v2">
              <Watts>186</Watts>
            </TPX>
          </Extensions>
        </Trackpoint>
        <Trackpoint>
          <Time>2026-07-30T13:57:47Z</Time>
          <DistanceMeters>421.9</DistanceMeters>
          <Cadence>34</Cadence>
          <SensorState>Present</SensorState>
          <HeartRateBpm>
            <Value>163</Value>
          </HeartRateBpm>
          <Extensions>
            <TPX xmlns="https://www.garmin.com/xmlschemas/ActivityExtension/v2">
              <Watts>179</Watts>
            </TPX>
          </Extensions>
        </Trackpoint>
        <Trackpoint>
          <Time>2026-07-30T13:57:49Z</Time>
          <DistanceMeters>429.8</DistanceMeters>
          <Cadence>30</Cadence>
          <SensorState>Present</SensorState>
          <HeartRateBpm>
            <Value>164</Value>
          </HeartRateBpm>
          <Extensions>
            <TPX xmlns="https://www.garmin.com/xmlschemas/ActivityExtension/v2">
              <Watts>168</Watts>
            </TPX>
          </Extensions>
        </Trackpoint>
        <Trackpoint>
          <Time>2026-07-30T13:57:51Z</Time>
          <DistanceMeters>437.8</DistanceMeters>
          <Cadence>30</Cadence>
          <SensorState>Present</SensorState>
          <HeartRateBpm>
            <Value>164</Value>
          </HeartRateBpm>
          <Extensions>
            <TPX xmlns="https://www.garmin.com/xmlschemas/ActivityExtension/v2">
              <Watts>179</Watts>
            </TPX>
          </Extensions>
        </Trackpoint>
        <Trackpoint>
          <Time>2026-07-30T13:57:53Z</Time>
          <DistanceMeters>445.5</DistanceMeters>
          <Cadence>31</Cadence>
          <SensorState>Present</SensorState>
          <HeartRateBpm>
            <Value>164</Value>
          </HeartRateBpm>
          <Extensions>
            <TPX xmlns="https://www.garmin.com/xmlschemas/ActivityExtension/v2">
              <Watts>184</Watts>
            </TPX>
          </Extensions>
        </Trackpoint>
        <Trackpoint>
          <Time>2026-07-30T13:57:54Z</Time>
          <DistanceMeters>453.2</DistanceMeters>
          <Cadence>31</Cadence>
          <SensorState>Present</SensorState>
          <HeartRateBpm>
            <Value>164</Value>
          </HeartRateBpm>
          <Extensions>
            <TPX xmlns="https://www.garmin.com/xmlschemas/ActivityExtension/v2">
              <Watts>184</Watts>
            </TPX>
          </Extensions>
        </Trackpoint>
        <Trackpoint>
          <Time>2026-07-30T13:57:56Z</Time>
          <DistanceMeters>460.5</DistanceMeters>
          <Cadence>31</Cadence>
          <SensorState>Present</SensorState>
          <HeartRateBpm>
            <Value>165</Value>
          </HeartRateBpm>
          <Extensions>
            <TPX xmlns="https://www.garmin.com/xmlschemas/ActivityExtension/v2">
              <Watts>182</Watts>
            </TPX>
          </Extensions>
        </Trackpoint>
        <Trackpoint>
          <Time>2026-07-30T13:57:58Z</Time>
          <DistanceMeters>467.9</DistanceMeters>
          <Cadence>32</Cadence>
          <SensorState>Present</SensorState>
          <HeartRateBpm>
            <Value>165</Value>
          </HeartRateBpm>
          <Extensions>
            <TPX xmlns="https://www.garmin.com/xmlschemas/ActivityExtension/v2">
              <Watts>171</Watts>
            </TPX>
          </Extensions>
        </Trackpoint>
        <Trackpoint>
          <Time>2026-07-30T13:58:00Z</Time>
          <DistanceMeters>475.4</DistanceMeters>
          <Cadence>32</Cadence>
          <SensorState>Present</SensorState>
          <HeartRateBpm>
            <Value>165</Value>
          </HeartRateBpm>
          <Extensions>
            <TPX xmlns="https://www.garmin.com/xmlschemas/ActivityExtension/v2">
              <Watts>169</Watts>
            </TPX>
          </Extensions>
        </Trackpoint>
        <Trackpoint>
          <Time>2026-07-30T13:58:02Z</Time>
          <DistanceMeters>483.1</DistanceMeters>
          <Cadence>30</Cadence>
          <SensorState>Present</SensorState>
          <HeartRateBpm>
            <Value>165</Value>
          </HeartRateBpm>
          <Extensions>
            <TPX xmlns="https://www.garmin.com/xmlschemas/ActivityExtension/v2">
              <Watts>170</Watts>
            </TPX>
          </Extensions>
        </Trackpoint>
        <Trackpoint>
          <Time>2026-07-30T13:58:04Z</Time>
          <DistanceMeters>490.8</DistanceMeters>
          <Cadence>31</Cadence>
          <SensorState>Present</SensorState>
          <HeartRateBpm>
            <Value>165</Value>
          </HeartRateBpm>
          <Extensions>
            <TPX xmlns="https://www.garmin.com/xmlschemas/ActivityExtension/v2">
              <Watts>172</Watts>
            </TPX>
          </Extensions>
        </Trackpoint>
        <Trackpoint>
          <Time>2026-07-30T13:58:06Z</Time>
          <DistanceMeters>498.6</DistanceMeters>
          <Cadence>30</Cadence>
          <SensorState>Present</SensorState>
          <HeartRateBpm>
            <Value>166</Value>
          </HeartRateBpm>
          <Extensions>
            <TPX xmlns="https://www.garmin.com/xmlschemas/ActivityExtension/v2">
              <Watts>171</Watts>
            </TPX>
          </Extensions>
        </Trackpoint>
        <Trackpoint>
          <Time>2026-07-30T13:58:08Z</Time>
          <DistanceMeters>506.4</DistanceMeters>
          <Cadence>30</Cadence>
          <SensorState>Present</SensorState>
          <HeartRateBpm>
            <Value>167</Value>
          </HeartRateBpm>
          <Extensions>
            <TPX xmlns="https://www.garmin.com/xmlschemas/ActivityExtension/v2">
              <Watts>171</Watts>
            </TPX>
          </Extensions>
        </Trackpoint>
        <Trackpoint>
          <Time>2026-07-30T13:58:10Z</Time>
          <DistanceMeters>514.2</DistanceMeters>
          <Cadence>31</Cadence>
          <SensorState>Present</SensorState>
          <HeartRateBpm>
            <Value>167</Value>
          </HeartRateBpm>
          <Extensions>
            <TPX xmlns="https://www.garmin.com/xmlschemas/ActivityExtension/v2">
              <Watts>175</Watts>
            </TPX>
          </Extensions>
        </Trackpoint>
        <Trackpoint>
          <Time>2026-07-30T13:58:12Z</Time>
          <DistanceMeters>521.9</DistanceMeters>
          <Cadence>31</Cadence>
          <SensorState>Present</SensorState>
          <HeartRateBpm>
            <Value>168</Value>
          </HeartRateBpm>
          <Extensions>
            <TPX xmlns="https://www.garmin.com/xmlschemas/ActivityExtension/v2">
              <Watts>175</Watts>
            </TPX>
          </Extensions>
        </Trackpoint>
        <Trackpoint>
          <Time>2026-07-30T13:58:14Z</Time>
          <DistanceMeters>529.8</DistanceMeters>
          <Cadence>31</Cadence>
          <SensorState>Present</SensorState>
          <HeartRateBpm>
            <Value>168</Value>
          </HeartRateBpm>
          <Extensions>
            <TPX xmlns="https://www.garmin.com/xmlschemas/ActivityExtension/v2">
              <Watts>172</Watts>
            </TPX>
          </Extensions>
        </Trackpoint>
        <Trackpoint>
          <Time>2026-07-30T13:58:16Z</Time>
          <DistanceMeters>538</DistanceMeters>
          <Cadence>30</Cadence>
          <SensorState>Present</SensorState>
          <HeartRateBpm>
            <Value>169</Value>
          </HeartRateBpm>
          <Extensions>
            <TPX xmlns="https://www.garmin.com/xmlschemas/ActivityExtension/v2">
              <Watts>174</Watts>
            </TPX>
          </Extensions>
        </Trackpoint>
        <Trackpoint>
          <Time>2026-07-30T13:58:18Z</Time>
          <DistanceMeters>546.2</DistanceMeters>
          <Cadence>30</Cadence>
          <SensorState>Present</SensorState>
          <HeartRateBpm>
            <Value>169</Value>
          </HeartRateBpm>
          <Extensions>
            <TPX xmlns="https://www.garmin.com/xmlschemas/ActivityExtension/v2">
              <Watts>174</Watts>
            </TPX>
          </Extensions>
        </Trackpoint>
        <Trackpoint>
          <Time>2026-07-30T13:58:20Z</Time>
          <DistanceMeters>554.1</DistanceMeters>
          <Cadence>31</Cadence>
          <SensorState>Present</SensorState>
          <HeartRateBpm>
            <Value>169</Value>
          </HeartRateBpm>
          <Extensions>
            <TPX xmlns="https://www.garmin.com/xmlschemas/ActivityExtension/v2">
              <Watts>177</Watts>
            </TPX>
          </Extensions>
        </Trackpoint>
        <Trackpoint>
          <Time>2026-07-30T13:58:22Z</Time>
          <DistanceMeters>561.6</DistanceMeters>
          <Cadence>31</Cadence>
          <SensorState>Present</SensorState>
          <HeartRateBpm>
            <Value>170</Value>
          </HeartRateBpm>
          <Extensions>
            <TPX xmlns="https://www.garmin.com/xmlschemas/ActivityExtension/v2">
              <Watts>177</Watts>
            </TPX>
          </Extensions>
        </Trackpoint>
        <Trackpoint>
          <Time>2026-07-30T13:58:24Z</Time>
          <DistanceMeters>569.8</DistanceMeters>
          <Cadence>32</Cadence>
          <SensorState>Present</SensorState>
          <HeartRateBpm>
            <Value>170</Value>
          </HeartRateBpm>
          <Extensions>
            <TPX xmlns="https://www.garmin.com/xmlschemas/ActivityExtension/v2">
              <Watts>177</Watts>
            </TPX>
          </Extensions>
        </Trackpoint>
        <Trackpoint>
          <Time>2026-07-30T13:58:26Z</Time>
          <DistanceMeters>577.7</DistanceMeters>
          <Cadence>30</Cadence>
          <SensorState>Present</SensorState>
          <HeartRateBpm>
            <Value>169</Value>
          </HeartRateBpm>
          <Extensions>
            <TPX xmlns="https://www.garmin.com/xmlschemas/ActivityExtension/v2">
              <Watts>184</Watts>
            </TPX>
          </Extensions>
        </Trackpoint>
        <Trackpoint>
          <Time>2026-07-30T13:58:28Z</Time>
          <DistanceMeters>585.7</DistanceMeters>
          <Cadence>30</Cadence>
          <SensorState>Present</SensorState>
          <HeartRateBpm>
            <Value>170</Value>
          </HeartRateBpm>
          <Extensions>
            <TPX xmlns="https://www.garmin.com/xmlschemas/ActivityExtension/v2">
              <Watts>179</Watts>
            </TPX>
          </Extensions>
        </Trackpoint>
        <Trackpoint>
          <Time>2026-07-30T13:58:30Z</Time>
          <DistanceMeters>593.3</DistanceMeters>
          <Cadence>32</Cadence>
          <SensorState>Present</SensorState>
          <HeartRateBpm>
            <Value>170</Value>
          </HeartRateBpm>
          <Extensions>
            <TPX xmlns="https://www.garmin.com/xmlschemas/ActivityExtension/v2">
              <Watts>185</Watts>
            </TPX>
          </Extensions>
        </Trackpoint>
        <Trackpoint>
          <Time>2026-07-30T13:58:32Z</Time>
          <DistanceMeters>601.7</DistanceMeters>
          <Cadence>29</Cadence>
          <SensorState>Present</SensorState>
          <HeartRateBpm>
            <Value>170</Value>
          </HeartRateBpm>
          <Extensions>
            <TPX xmlns="https://www.garmin.com/xmlschemas/ActivityExtension/v2">
              <Watts>187</Watts>
            </TPX>
          </Extensions>
        </Trackpoint>
        <Trackpoint>
          <Time>2026-07-30T13:58:34Z</Time>
          <DistanceMeters>609.7</DistanceMeters>
          <Cadence>29</Cadence>
          <SensorState>Present</SensorState>
          <HeartRateBpm>
            <Value>170</Value>
          </HeartRateBpm>
          <Extensions>
            <TPX xmlns="https://www.garmin.com/xmlschemas/ActivityExtension/v2">
              <Watts>187</Watts>
            </TPX>
          </Extensions>
        </Trackpoint>
        <Trackpoint>
          <Time>2026-07-30T13:58:36Z</Time>
          <DistanceMeters>617.8</DistanceMeters>
          <Cadence>31</Cadence>
          <SensorState>Present</SensorState>
          <HeartRateBpm>
            <Value>170</Value>
          </HeartRateBpm>
          <Extensions>
            <TPX xmlns="https://www.garmin.com/xmlschemas/ActivityExtension/v2">
              <Watts>196</Watts>
            </TPX>
          </Extensions>
        </Trackpoint>
        <Trackpoint>
          <Time>2026-07-30T13:58:38Z</Time>
          <DistanceMeters>626.2</DistanceMeters>
          <Cadence>30</Cadence>
          <SensorState>Present</SensorState>
          <HeartRateBpm>
            <Value>170</Value>
          </HeartRateBpm>
          <Extensions>
            <TPX xmlns="https://www.garmin.com/xmlschemas/ActivityExtension/v2">
              <Watts>202</Watts>
            </TPX>
          </Extensions>
        </Trackpoint>
        <Trackpoint>
          <Time>2026-07-30T13:58:39Z</Time>
          <DistanceMeters>634.3</DistanceMeters>
          <Cadence>31</Cadence>
          <SensorState>Present</SensorState>
          <HeartRateBpm>
            <Value>170</Value>
          </HeartRateBpm>
          <Extensions>
            <TPX xmlns="https://www.garmin.com/xmlschemas/ActivityExtension/v2">
              <Watts>212</Watts>
            </TPX>
          </Extensions>
        </Trackpoint>
        <Trackpoint>
          <Time>2026-07-30T13:58:41Z</Time>
          <DistanceMeters>642.7</DistanceMeters>
          <Cadence>30</Cadence>
          <SensorState>Present</SensorState>
          <HeartRateBpm>
            <Value>170</Value>
          </HeartRateBpm>
          <Extensions>
            <TPX xmlns="https://www.garmin.com/xmlschemas/ActivityExtension/v2">
              <Watts>197</Watts>
            </TPX>
          </Extensions>
        </Trackpoint>
        <Trackpoint>
          <Time>2026-07-30T13:58:44Z</Time>
          <DistanceMeters>650.8</DistanceMeters>
          <Cadence>30</Cadence>
          <SensorState>Present</SensorState>
          <HeartRateBpm>
            <Value>170</Value>
          </HeartRateBpm>
          <Extensions>
            <TPX xmlns="https://www.garmin.com/xmlschemas/ActivityExtension/v2">
              <Watts>197</Watts>
            </TPX>
          </Extensions>
        </Trackpoint>
        <Trackpoint>
          <Time>2026-07-30T13:58:45Z</Time>
          <DistanceMeters>658.8</DistanceMeters>
          <Cadence>30</Cadence>
          <SensorState>Present</SensorState>
          <HeartRateBpm>
            <Value>170</Value>
          </HeartRateBpm>
          <Extensions>
            <TPX xmlns="https://www.garmin.com/xmlschemas/ActivityExtension/v2">
              <Watts>186</Watts>
            </TPX>
          </Extensions>
        </Trackpoint>
        <Trackpoint>
          <Time>2026-07-30T13:58:47Z</Time>
          <DistanceMeters>666.9</DistanceMeters>
          <Cadence>30</Cadence>
          <SensorState>Present</SensorState>
          <HeartRateBpm>
            <Value>171</Value>
          </HeartRateBpm>
          <Extensions>
            <TPX xmlns="https://www.garmin.com/xmlschemas/ActivityExtension/v2">
              <Watts>178</Watts>
            </TPX>
          </Extensions>
        </Trackpoint>
        <Trackpoint>
          <Time>2026-07-30T13:58:50Z</Time>
          <DistanceMeters>675</DistanceMeters>
          <Cadence>30</Cadence>
          <SensorState>Present</SensorState>
          <HeartRateBpm>
            <Value>172</Value>
          </HeartRateBpm>
          <Extensions>
            <TPX xmlns="https://www.garmin.com/xmlschemas/ActivityExtension/v2">
              <Watts>178</Watts>
            </TPX>
          </Extensions>
        </Trackpoint>
        <Trackpoint>
          <Time>2026-07-30T13:58:52Z</Time>
          <DistanceMeters>683</DistanceMeters>
          <Cadence>29</Cadence>
          <SensorState>Present</SensorState>
          <HeartRateBpm>
            <Value>172</Value>
          </HeartRateBpm>
          <Extensions>
            <TPX xmlns="https://www.garmin.com/xmlschemas/ActivityExtension/v2">
              <Watts>175</Watts>
            </TPX>
          </Extensions>
        </Trackpoint>
        <Trackpoint>
          <Time>2026-07-30T13:58:54Z</Time>
          <DistanceMeters>691.1</DistanceMeters>
          <Cadence>30</Cadence>
          <SensorState>Present</SensorState>
          <HeartRateBpm>
            <Value>173</Value>
          </HeartRateBpm>
          <Extensions>
            <TPX xmlns="https://www.garmin.com/xmlschemas/ActivityExtension/v2">
              <Watts>177</Watts>
            </TPX>
          </Extensions>
        </Trackpoint>
        <Trackpoint>
          <Time>2026-07-30T13:58:56Z</Time>
          <DistanceMeters>699.3</DistanceMeters>
          <Cadence>30</Cadence>
          <SensorState>Present</SensorState>
          <HeartRateBpm>
            <Value>173</Value>
          </HeartRateBpm>
          <Extensions>
            <TPX xmlns="https://www.garmin.com/xmlschemas/ActivityExtension/v2">
              <Watts>177</Watts>
            </TPX>
          </Extensions>
        </Trackpoint>
        <Trackpoint>
          <Time>2026-07-30T13:58:58Z</Time>
          <DistanceMeters>707.4</DistanceMeters>
          <Cadence>29</Cadence>
          <SensorState>Present</SensorState>
          <HeartRateBpm>
            <Value>173</Value>
          </HeartRateBpm>
          <Extensions>
            <TPX xmlns="https://www.garmin.com/xmlschemas/ActivityExtension/v2">
              <Watts>179</Watts>
            </TPX>
          </Extensions>
        </Trackpoint>
        <Trackpoint>
          <Time>2026-07-30T13:59:00Z</Time>
          <DistanceMeters>715.1</DistanceMeters>
          <Cadence>29</Cadence>
          <SensorState>Present</SensorState>
          <HeartRateBpm>
            <Value>173</Value>
          </HeartRateBpm>
          <Extensions>
            <TPX xmlns="https://www.garmin.com/xmlschemas/ActivityExtension/v2">
              <Watts>179</Watts>
            </TPX>
          </Extensions>
        </Trackpoint>
        <Trackpoint>
          <Time>2026-07-30T13:59:02Z</Time>
          <DistanceMeters>723.1</DistanceMeters>
          <Cadence>30</Cadence>
          <SensorState>Present</SensorState>
          <HeartRateBpm>
            <Value>173</Value>
          </HeartRateBpm>
          <Extensions>
            <TPX xmlns="https://www.garmin.com/xmlschemas/ActivityExtension/v2">
              <Watts>181</Watts>
            </TPX>
          </Extensions>
        </Trackpoint>
        <Trackpoint>
          <Time>2026-07-30T13:59:04Z</Time>
          <DistanceMeters>731.1</DistanceMeters>
          <Cadence>30</Cadence>
          <SensorState>Present</SensorState>
          <HeartRateBpm>
            <Value>173</Value>
          </HeartRateBpm>
          <Extensions>
            <TPX xmlns="https://www.garmin.com/xmlschemas/ActivityExtension/v2">
              <Watts>177</Watts>
            </TPX>
          </Extensions>
        </Trackpoint>
        <Trackpoint>
          <Time>2026-07-30T13:59:06Z</Time>
          <DistanceMeters>739.2</DistanceMeters>
          <Cadence>30</Cadence>
          <SensorState>Present</SensorState>
          <HeartRateBpm>
            <Value>174</Value>
          </HeartRateBpm>
          <Extensions>
            <TPX xmlns="https://www.garmin.com/xmlschemas/ActivityExtension/v2">
              <Watts>177</Watts>
            </TPX>
          </Extensions>
        </Trackpoint>
        <Trackpoint>
          <Time>2026-07-30T13:59:08Z</Time>
          <DistanceMeters>746.7</DistanceMeters>
          <Cadence>30</Cadence>
          <SensorState>Present</SensorState>
          <HeartRateBpm>
            <Value>175</Value>
          </HeartRateBpm>
          <Extensions>
            <TPX xmlns="https://www.garmin.com/xmlschemas/ActivityExtension/v2">
              <Watts>161</Watts>
            </TPX>
          </Extensions>
        </Trackpoint>
        <Trackpoint>
          <Time>2026-07-30T13:59:09Z</Time>
          <DistanceMeters>754.1</DistanceMeters>
          <Cadence>31</Cadence>
          <SensorState>Present</SensorState>
          <HeartRateBpm>
            <Value>175</Value>
          </HeartRateBpm>
          <Extensions>
            <TPX xmlns="https://www.garmin.com/xmlschemas/ActivityExtension/v2">
              <Watts>151</Watts>
            </TPX>
          </Extensions>
        </Trackpoint>
        <Trackpoint>
          <Time>2026-07-30T13:59:11Z</Time>
          <DistanceMeters>761.4</DistanceMeters>
          <Cadence>31</Cadence>
          <SensorState>Present</SensorState>
          <HeartRateBpm>
            <Value>175</Value>
          </HeartRateBpm>
          <Extensions>
            <TPX xmlns="https://www.garmin.com/xmlschemas/ActivityExtension/v2">
              <Watts>150</Watts>
            </TPX>
          </Extensions>
        </Trackpoint>
        <Trackpoint>
          <Time>2026-07-30T13:59:13Z</Time>
          <DistanceMeters>768.9</DistanceMeters>
          <Cadence>31</Cadence>
          <SensorState>Present</SensorState>
          <HeartRateBpm>
            <Value>175</Value>
          </HeartRateBpm>
          <Extensions>
            <TPX xmlns="https://www.garmin.com/xmlschemas/ActivityExtension/v2">
              <Watts>150</Watts>
            </TPX>
          </Extensions>
        </Trackpoint>
        <Trackpoint>
          <Time>2026-07-30T13:59:15Z</Time>
          <DistanceMeters>776.6</DistanceMeters>
          <Cadence>31</Cadence>
          <SensorState>Present</SensorState>
          <HeartRateBpm>
            <Value>175</Value>
          </HeartRateBpm>
          <Extensions>
            <TPX xmlns="https://www.garmin.com/xmlschemas/ActivityExtension/v2">
              <Watts>167</Watts>
            </TPX>
          </Extensions>
        </Trackpoint>
        <Trackpoint>
          <Time>2026-07-30T13:59:17Z</Time>
          <DistanceMeters>784.8</DistanceMeters>
          <Cadence>30</Cadence>
          <SensorState>Present</SensorState>
          <HeartRateBpm>
            <Value>175</Value>
          </HeartRateBpm>
          <Extensions>
            <TPX xmlns="https://www.garmin.com/xmlschemas/ActivityExtension/v2">
              <Watts>182</Watts>
            </TPX>
          </Extensions>
        </Trackpoint>
        <Trackpoint>
          <Time>2026-07-30T13:59:19Z</Time>
          <DistanceMeters>792.6</DistanceMeters>
          <Cadence>30</Cadence>
          <SensorState>Present</SensorState>
          <HeartRateBpm>
            <Value>174</Value>
          </HeartRateBpm>
          <Extensions>
            <TPX xmlns="https://www.garmin.com/xmlschemas/ActivityExtension/v2">
              <Watts>182</Watts>
            </TPX>
          </Extensions>
        </Trackpoint>
        <Trackpoint>
          <Time>2026-07-30T13:59:21Z</Time>
          <DistanceMeters>800.6</DistanceMeters>
          <Cadence>32</Cadence>
          <SensorState>Present</SensorState>
          <HeartRateBpm>
            <Value>173</Value>
          </HeartRateBpm>
          <Extensions>
            <TPX xmlns="https://www.garmin.com/xmlschemas/ActivityExtension/v2">
              <Watts>203</Watts>
            </TPX>
          </Extensions>
        </Trackpoint>
        <Trackpoint>
          <Time>2026-07-30T13:59:23Z</Time>
          <DistanceMeters>809.2</DistanceMeters>
          <Cadence>32</Cadence>
          <SensorState>Present</SensorState>
          <HeartRateBpm>
            <Value>173</Value>
          </HeartRateBpm>
          <Extensions>
            <TPX xmlns="https://www.garmin.com/xmlschemas/ActivityExtension/v2">
              <Watts>203</Watts>
            </TPX>
          </Extensions>
        </Trackpoint>
        <Trackpoint>
          <Time>2026-07-30T13:59:25Z</Time>
          <DistanceMeters>817.3</DistanceMeters>
          <Cadence>31</Cadence>
          <SensorState>Present</SensorState>
          <HeartRateBpm>
            <Value>173</Value>
          </HeartRateBpm>
          <Extensions>
            <TPX xmlns="https://www.garmin.com/xmlschemas/ActivityExtension/v2">
              <Watts>206</Watts>
            </TPX>
          </Extensions>
        </Trackpoint>
        <Trackpoint>
          <Time>2026-07-30T13:59:27Z</Time>
          <DistanceMeters>825.6</DistanceMeters>
          <Cadence>31</Cadence>
          <SensorState>Present</SensorState>
          <HeartRateBpm>
            <Value>173</Value>
          </HeartRateBpm>
          <Extensions>
            <TPX xmlns="https://www.garmin.com/xmlschemas/ActivityExtension/v2">
              <Watts>206</Watts>
            </TPX>
          </Extensions>
        </Trackpoint>
        <Trackpoint>
          <Time>2026-07-30T13:59:29Z</Time>
          <DistanceMeters>833.7</DistanceMeters>
          <Cadence>31</Cadence>
          <SensorState>Present</SensorState>
          <HeartRateBpm>
            <Value>173</Value>
          </HeartRateBpm>
          <Extensions>
            <TPX xmlns="https://www.garmin.com/xmlschemas/ActivityExtension/v2">
              <Watts>204</Watts>
            </TPX>
          </Extensions>
        </Trackpoint>
        <Trackpoint>
          <Time>2026-07-30T13:59:31Z</Time>
          <DistanceMeters>841.5</DistanceMeters>
          <Cadence>32</Cadence>
          <SensorState>Present</SensorState>
          <HeartRateBpm>
            <Value>173</Value>
          </HeartRateBpm>
          <Extensions>
            <TPX xmlns="https://www.garmin.com/xmlschemas/ActivityExtension/v2">
              <Watts>209</Watts>
            </TPX>
          </Extensions>
        </Trackpoint>
        <Trackpoint>
          <Time>2026-07-30T13:59:33Z</Time>
          <DistanceMeters>850.1</DistanceMeters>
          <Cadence>30</Cadence>
          <SensorState>Present</SensorState>
          <HeartRateBpm>
            <Value>174</Value>
          </HeartRateBpm>
          <Extensions>
            <TPX xmlns="https://www.garmin.com/xmlschemas/ActivityExtension/v2">
              <Watts>215</Watts>
            </TPX>
          </Extensions>
        </Trackpoint>
        <Trackpoint>
          <Time>2026-07-30T13:59:35Z</Time>
          <DistanceMeters>858.1</DistanceMeters>
          <Cadence>32</Cadence>
          <SensorState>Present</SensorState>
          <HeartRateBpm>
            <Value>173</Value>
          </HeartRateBpm>
          <Extensions>
            <TPX xmlns="https://www.garmin.com/xmlschemas/ActivityExtension/v2">
              <Watts>227</Watts>
            </TPX>
          </Extensions>
        </Trackpoint>
        <Trackpoint>
          <Time>2026-07-30T13:59:37Z</Time>
          <DistanceMeters>866.5</DistanceMeters>
          <Cadence>32</Cadence>
          <SensorState>Present</SensorState>
          <HeartRateBpm>
            <Value>174</Value>
          </HeartRateBpm>
          <Extensions>
            <TPX xmlns="https://www.garmin.com/xmlschemas/ActivityExtension/v2">
              <Watts>227</Watts>
            </TPX>
          </Extensions>
        </Trackpoint>
        <Trackpoint>
          <Time>2026-07-30T13:59:39Z</Time>
          <DistanceMeters>874.8</DistanceMeters>
          <Cadence>31</Cadence>
          <SensorState>Present</SensorState>
          <HeartRateBpm>
            <Value>174</Value>
          </HeartRateBpm>
          <Extensions>
            <TPX xmlns="https://www.garmin.com/xmlschemas/ActivityExtension/v2">
              <Watts>230</Watts>
            </TPX>
          </Extensions>
        </Trackpoint>
        <Trackpoint>
          <Time>2026-07-30T13:59:40Z</Time>
          <DistanceMeters>882.6</DistanceMeters>
          <Cadence>33</Cadence>
          <SensorState>Present</SensorState>
          <HeartRateBpm>
            <Value>174</Value>
          </HeartRateBpm>
          <Extensions>
            <TPX xmlns="https://www.garmin.com/xmlschemas/ActivityExtension/v2">
              <Watts>217</Watts>
            </TPX>
          </Extensions>
        </Trackpoint>
        <Trackpoint>
          <Time>2026-07-30T13:59:42Z</Time>
          <DistanceMeters>890.8</DistanceMeters>
          <Cadence>33</Cadence>
          <SensorState>Present</SensorState>
          <HeartRateBpm>
            <Value>174</Value>
          </HeartRateBpm>
          <Extensions>
            <TPX xmlns="https://www.garmin.com/xmlschemas/ActivityExtension/v2">
              <Watts>217</Watts>
            </TPX>
          </Extensions>
        </Trackpoint>
        <Trackpoint>
          <Time>2026-07-30T13:59:44Z</Time>
          <DistanceMeters>898.7</DistanceMeters>
          <Cadence>31</Cadence>
          <SensorState>Present</SensorState>
          <HeartRateBpm>
            <Value>174</Value>
          </HeartRateBpm>
          <Extensions>
            <TPX xmlns="https://www.garmin.com/xmlschemas/ActivityExtension/v2">
              <Watts>193</Watts>
            </TPX>
          </Extensions>
        </Trackpoint>
        <Trackpoint>
          <Time>2026-07-30T13:59:46Z</Time>
          <DistanceMeters>906.6</DistanceMeters>
          <Cadence>31</Cadence>
          <SensorState>Present</SensorState>
          <HeartRateBpm>
            <Value>174</Value>
          </HeartRateBpm>
          <Extensions>
            <TPX xmlns="https://www.garmin.com/xmlschemas/ActivityExtension/v2">
              <Watts>193</Watts>
            </TPX>
          </Extensions>
        </Trackpoint>
        <Trackpoint>
          <Time>2026-07-30T13:59:48Z</Time>
          <DistanceMeters>913.8</DistanceMeters>
          <Cadence>35</Cadence>
          <SensorState>Present</SensorState>
          <HeartRateBpm>
            <Value>174</Value>
          </HeartRateBpm>
          <Extensions>
            <TPX xmlns="https://www.garmin.com/xmlschemas/ActivityExtension/v2">
              <Watts>206</Watts>
            </TPX>
          </Extensions>
        </Trackpoint>
        <Trackpoint>
          <Time>2026-07-30T13:59:50Z</Time>
          <DistanceMeters>921.9</DistanceMeters>
          <Cadence>33</Cadence>
          <SensorState>Present</SensorState>
          <HeartRateBpm>
            <Value>175</Value>
          </HeartRateBpm>
          <Extensions>
            <TPX xmlns="https://www.garmin.com/xmlschemas/ActivityExtension/v2">
              <Watts>240</Watts>
            </TPX>
          </Extensions>
        </Trackpoint>
        <Trackpoint>
          <Time>2026-07-30T13:59:52Z</Time>
          <DistanceMeters>929.7</DistanceMeters>
          <Cadence>33</Cadence>
          <SensorState>Present</SensorState>
          <HeartRateBpm>
            <Value>175</Value>
          </HeartRateBpm>
          <Extensions>
            <TPX xmlns="https://www.garmin.com/xmlschemas/ActivityExtension/v2">
              <Watts>240</Watts>
            </TPX>
          </Extensions>
        </Trackpoint>
        <Trackpoint>
          <Time>2026-07-30T13:59:53Z</Time>
          <DistanceMeters>937.4</DistanceMeters>
          <Cadence>32</Cadence>
          <SensorState>Present</SensorState>
          <HeartRateBpm>
            <Value>176</Value>
          </HeartRateBpm>
          <Extensions>
            <TPX xmlns="https://www.garmin.com/xmlschemas/ActivityExtension/v2">
              <Watts>189</Watts>
            </TPX>
          </Extensions>
        </Trackpoint>
        <Trackpoint>
          <Time>2026-07-30T13:59:55Z</Time>
          <DistanceMeters>945.1</DistanceMeters>
          <Cadence>32</Cadence>
          <SensorState>Present</SensorState>
          <HeartRateBpm>
            <Value>176</Value>
          </HeartRateBpm>
          <Extensions>
            <TPX xmlns="https://www.garmin.com/xmlschemas/ActivityExtension/v2">
              <Watts>194</Watts>
            </TPX>
          </Extensions>
        </Trackpoint>
        <Trackpoint>
          <Time>2026-07-30T13:59:57Z</Time>
          <DistanceMeters>952.9</DistanceMeters>
          <Cadence>32</Cadence>
          <SensorState>Present</SensorState>
          <HeartRateBpm>
            <Value>177</Value>
          </HeartRateBpm>
          <Extensions>
            <TPX xmlns="https://www.garmin.com/xmlschemas/ActivityExtension/v2">
              <Watts>194</Watts>
            </TPX>
          </Extensions>
        </Trackpoint>
        <Trackpoint>
          <Time>2026-07-30T13:59:59Z</Time>
          <DistanceMeters>960.7</DistanceMeters>
          <Cadence>31</Cadence>
          <SensorState>Present</SensorState>
          <HeartRateBpm>
            <Value>177</Value>
          </HeartRateBpm>
          <Extensions>
            <TPX xmlns="https://www.garmin.com/xmlschemas/ActivityExtension/v2">
              <Watts>191</Watts>
            </TPX>
          </Extensions>
        </Trackpoint>
      </Track>
    </Lap>
    <Lap StartTime="2026-07-30T14:00:00Z ">
      <TotalTimeSeconds>180</TotalTimeSeconds>
      <DistanceMeters>486</DistanceMeters>
      <MaximumSpeed>3.45</MaximumSpeed>
      <Calories>24</Calories>
      <Intensity>Resting</Intensity>
      <TriggerMethod>Manual</TriggerMethod>
      <Track>
        <Trackpoint>
          <Time>2026-07-30T14:00:02Z</Time>
          <DistanceMeters>8.1</DistanceMeters>
          <Cadence>31</Cadence>
          <SensorState>Present</SensorState>
          <HeartRateBpm>
            <Value>177</Value>
          </HeartRateBpm>
          <Extensions>
            <TPX xmlns="https://www.garmin.com/xmlschemas/ActivityExtension/v2">
              <Watts>115</Watts>
            </TPX>
          </Extensions>
        </Trackpoint>
        <Trackpoint>
          <Time>2026-07-30T14:00:04Z</Time>
          <DistanceMeters>15.3</DistanceMeters>
          <Cadence>31</Cadence>
          <SensorState>Present</SensorState>
          <HeartRateBpm>
            <Value>177</Value>
          </HeartRateBpm>
          <Extensions>
            <TPX xmlns="https://www.garmin.com/xmlschemas/ActivityExtension/v2">
              <Watts>115</Watts>
            </TPX>
          </Extensions>
        </Trackpoint>
        <Trackpoint>
          <Time>2026-07-30T14:00:07Z</Time>
          <DistanceMeters>22.1</DistanceMeters>
          <Cadence>31</Cadence>
          <SensorState>Present</SensorState>
          <HeartRateBpm>
            <Value>178</Value>
          </HeartRateBpm>
          <Extensions>
            <TPX xmlns="https://www.garmin.com/xmlschemas/ActivityExtension/v2">
              <Watts>57</Watts>
            </TPX>
          </Extensions>
        </Trackpoint>
        <Trackpoint>
          <Time>2026-07-30T14:00:09Z</Time>
          <DistanceMeters>28.6</DistanceMeters>
          <Cadence>31</Cadence>
          <SensorState>Present</SensorState>
          <HeartRateBpm>
            <Value>179</Value>
          </HeartRateBpm>
          <Extensions>
            <TPX xmlns="https://www.garmin.com/xmlschemas/ActivityExtension/v2">
              <Watts>50</Watts>
            </TPX>
          </Extensions>
        </Trackpoint>
        <Trackpoint>
          <Time>2026-07-30T14:00:12Z</Time>
          <DistanceMeters>35.2</DistanceMeters>
          <Cadence>31</Cadence>
          <SensorState>Present</SensorState>
          <HeartRateBpm>
            <Value>178</Value>
          </HeartRateBpm>
          <Extensions>
            <TPX xmlns="https://www.garmin.com/xmlschemas/ActivityExtension/v2">
              <Watts>46</Watts>
            </TPX>
          </Extensions>
        </Trackpoint>
        <Trackpoint>
          <Time>2026-07-30T14:00:13Z</Time>
          <DistanceMeters>50.4</DistanceMeters>
          <Cadence>31</Cadence>
          <SensorState>Present</SensorState>
          <HeartRateBpm>
            <Value>174</Value>
          </HeartRateBpm>
          <Extensions>
            <TPX xmlns="https://www.garmin.com/xmlschemas/ActivityExtension/v2">
              <Watts>11</Watts>
            </TPX>
          </Extensions>
        </Trackpoint>
        <Trackpoint>
          <Time>2026-07-30T14:00:16Z</Time>
          <DistanceMeters>55.7</DistanceMeters>
          <Cadence>31</Cadence>
          <SensorState>Present</SensorState>
          <HeartRateBpm>
            <Value>171</Value>
          </HeartRateBpm>
          <Extensions>
            <TPX xmlns="https://www.garmin.com/xmlschemas/ActivityExtension/v2">
              <Watts>23</Watts>
            </TPX>
          </Extensions>
        </Trackpoint>
        <Trackpoint>
          <Time>2026-07-30T14:00:18Z</Time>
          <DistanceMeters>61.5</DistanceMeters>
          <Cadence>31</Cadence>
          <SensorState>Present</SensorState>
          <HeartRateBpm>
            <Value>170</Value>
          </HeartRateBpm>
          <Extensions>
            <TPX xmlns="https://www.garmin.com/xmlschemas/ActivityExtension/v2">
              <Watts>39</Watts>
            </TPX>
          </Extensions>
        </Trackpoint>
        <Trackpoint>
          <Time>2026-07-30T14:00:21Z</Time>
          <DistanceMeters>67.5</DistanceMeters>
          <Cadence>31</Cadence>
          <SensorState>Present</SensorState>
          <HeartRateBpm>
            <Value>168</Value>
          </HeartRateBpm>
          <Extensions>
            <TPX xmlns="https://www.garmin.com/xmlschemas/ActivityExtension/v2">
              <Watts>46</Watts>
            </TPX>
          </Extensions>
        </Trackpoint>
        <Trackpoint>
          <Time>2026-07-30T14:00:23Z</Time>
          <DistanceMeters>74.2</DistanceMeters>
          <Cadence>31</Cadence>
          <SensorState>Present</SensorState>
          <HeartRateBpm>
            <Value>166</Value>
          </HeartRateBpm>
          <Extensions>
            <TPX xmlns="https://www.garmin.com/xmlschemas/ActivityExtension/v2">
              <Watts>48</Watts>
            </TPX>
          </Extensions>
        </Trackpoint>
        <Trackpoint>
          <Time>2026-07-30T14:00:26Z</Time>
          <DistanceMeters>80.4</DistanceMeters>
          <Cadence>31</Cadence>
          <SensorState>Present</SensorState>
          <HeartRateBpm>
            <Value>163</Value>
          </HeartRateBpm>
          <Extensions>
            <TPX xmlns="https://www.garmin.com/xmlschemas/ActivityExtension/v2">
              <Watts>48</Watts>
            </TPX>
          </Extensions>
        </Trackpoint>
        <Trackpoint>
          <Time>2026-07-30T14:00:28Z</Time>
          <DistanceMeters>86.8</DistanceMeters>
          <Cadence>31</Cadence>
          <SensorState>Present</SensorState>
          <HeartRateBpm>
            <Value>162</Value>
          </HeartRateBpm>
          <Extensions>
            <TPX xmlns="https://www.garmin.com/xmlschemas/ActivityExtension/v2">
              <Watts>49</Watts>
            </TPX>
          </Extensions>
        </Trackpoint>
        <Trackpoint>
          <Time>2026-07-30T14:00:31Z</Time>
          <DistanceMeters>93</DistanceMeters>
          <Cadence>31</Cadence>
          <SensorState>Present</SensorState>
          <HeartRateBpm>
            <Value>161</Value>
          </HeartRateBpm>
          <Extensions>
            <TPX xmlns="https://www.garmin.com/xmlschemas/ActivityExtension/v2">
              <Watts>47</Watts>
            </TPX>
          </Extensions>
        </Trackpoint>
        <Trackpoint>
          <Time>2026-07-30T14:00:33Z</Time>
          <DistanceMeters>99.3</DistanceMeters>
          <Cadence>31</Cadence>
          <SensorState>Present</SensorState>
          <HeartRateBpm>
            <Value>159</Value>
          </HeartRateBpm>
          <Extensions>
            <TPX xmlns="https://www.garmin.com/xmlschemas/ActivityExtension/v2">
              <Watts>47</Watts>
            </TPX>
          </Extensions>
        </Trackpoint>
        <Trackpoint>
          <Time>2026-07-30T14:00:35Z</Time>
          <DistanceMeters>105.4</DistanceMeters>
          <Cadence>31</Cadence>
          <SensorState>Present</SensorState>
          <HeartRateBpm>
            <Value>157</Value>
          </HeartRateBpm>
          <Extensions>
            <TPX xmlns="https://www.garmin.com/xmlschemas/ActivityExtension/v2">
              <Watts>47</Watts>
            </TPX>
          </Extensions>
        </Trackpoint>
        <Trackpoint>
          <Time>2026-07-30T14:00:38Z</Time>
          <DistanceMeters>111.4</DistanceMeters>
          <Cadence>31</Cadence>
          <SensorState>Present</SensorState>
          <HeartRateBpm>
            <Value>154</Value>
          </HeartRateBpm>
          <Extensions>
            <TPX xmlns="https://www.garmin.com/xmlschemas/ActivityExtension/v2">
              <Watts>45</Watts>
            </TPX>
          </Extensions>
        </Trackpoint>
        <Trackpoint>
          <Time>2026-07-30T14:00:40Z</Time>
          <DistanceMeters>117.3</DistanceMeters>
          <Cadence>31</Cadence>
          <SensorState>Present</SensorState>
          <HeartRateBpm>
            <Value>153</Value>
          </HeartRateBpm>
          <Extensions>
            <TPX xmlns="https://www.garmin.com/xmlschemas/ActivityExtension/v2">
              <Watts>43</Watts>
            </TPX>
          </Extensions>
        </Trackpoint>
        <Trackpoint>
          <Time>2026-07-30T14:00:43Z</Time>
          <DistanceMeters>123.4</DistanceMeters>
          <Cadence>31</Cadence>
          <SensorState>Present</SensorState>
          <HeartRateBpm>
            <Value>153</Value>
          </HeartRateBpm>
          <Extensions>
            <TPX xmlns="https://www.garmin.com/xmlschemas/ActivityExtension/v2">
              <Watts>43</Watts>
            </TPX>
          </Extensions>
        </Trackpoint>
        <Trackpoint>
          <Time>2026-07-30T14:00:45Z</Time>
          <DistanceMeters>129.9</DistanceMeters>
          <Cadence>31</Cadence>
          <SensorState>Present</SensorState>
          <HeartRateBpm>
            <Value>151</Value>
          </HeartRateBpm>
          <Extensions>
            <TPX xmlns="https://www.garmin.com/xmlschemas/ActivityExtension/v2">
              <Watts>42</Watts>
            </TPX>
          </Extensions>
        </Trackpoint>
        <Trackpoint>
          <Time>2026-07-30T14:00:47Z</Time>
          <DistanceMeters>136</DistanceMeters>
          <Cadence>31</Cadence>
          <SensorState>Present</SensorState>
          <HeartRateBpm>
            <Value>150</Value>
          </HeartRateBpm>
          <Extensions>
            <TPX xmlns="https://www.garmin.com/xmlschemas/ActivityExtension/v2">
              <Watts>45</Watts>
            </TPX>
          </Extensions>
        </Trackpoint>
        <Trackpoint>
          <Time>2026-07-30T14:00:50Z</Time>
          <DistanceMeters>142.4</DistanceMeters>
          <Cadence>31</Cadence>
          <SensorState>Present</SensorState>
          <HeartRateBpm>
            <Value>147</Value>
          </HeartRateBpm>
          <Extensions>
            <TPX xmlns="https://www.garmin.com/xmlschemas/ActivityExtension/v2">
              <Watts>51</Watts>
            </TPX>
          </Extensions>
        </Trackpoint>
        <Trackpoint>
          <Time>2026-07-30T14:00:52Z</Time>
          <DistanceMeters>148.5</DistanceMeters>
          <Cadence>31</Cadence>
          <SensorState>Present</SensorState>
          <HeartRateBpm>
            <Value>147</Value>
          </HeartRateBpm>
          <Extensions>
            <TPX xmlns="https://www.garmin.com/xmlschemas/ActivityExtension/v2">
              <Watts>57</Watts>
            </TPX>
          </Extensions>
        </Trackpoint>
        <Trackpoint>
          <Time>2026-07-30T14:00:54Z</Time>
          <DistanceMeters>154.6</DistanceMeters>
          <Cadence>31</Cadence>
          <SensorState>Present</SensorState>
          <HeartRateBpm>
            <Value>147</Value>
          </HeartRateBpm>
          <Extensions>
            <TPX xmlns="https://www.garmin.com/xmlschemas/ActivityExtension/v2">
              <Watts>54</Watts>
            </TPX>
          </Extensions>
        </Trackpoint>
        <Trackpoint>
          <Time>2026-07-30T14:00:57Z</Time>
          <DistanceMeters>161.1</DistanceMeters>
          <Cadence>31</Cadence>
          <SensorState>Present</SensorState>
          <HeartRateBpm>
            <Value>145</Value>
          </HeartRateBpm>
          <Extensions>
            <TPX xmlns="https://www.garmin.com/xmlschemas/ActivityExtension/v2">
              <Watts>55</Watts>
            </TPX>
          </Extensions>
        </Trackpoint>
        <Trackpoint>
          <Time>2026-07-30T14:00:59Z</Time>
          <DistanceMeters>167.7</DistanceMeters>
          <Cadence>31</Cadence>
          <SensorState>Present</SensorState>
          <HeartRateBpm>
            <Value>145</Value>
          </HeartRateBpm>
          <Extensions>
            <TPX xmlns="https://www.garmin.com/xmlschemas/ActivityExtension/v2">
              <Watts>55</Watts>
            </TPX>
          </Extensions>
        </Trackpoint>
        <Trackpoint>
          <Time>2026-07-30T14:01:02Z</Time>
          <DistanceMeters>174.3</DistanceMeters>
          <Cadence>31</Cadence>
          <SensorState>Present</SensorState>
          <HeartRateBpm>
            <Value>143</Value>
          </HeartRateBpm>
          <Extensions>
            <TPX xmlns="https://www.garmin.com/xmlschemas/ActivityExtension/v2">
              <Watts>57</Watts>
            </TPX>
          </Extensions>
        </Trackpoint>
        <Trackpoint>
          <Time>2026-07-30T14:01:04Z</Time>
          <DistanceMeters>180.8</DistanceMeters>
          <Cadence>31</Cadence>
          <SensorState>Present</SensorState>
          <HeartRateBpm>
            <Value>142</Value>
          </HeartRateBpm>
          <Extensions>
            <TPX xmlns="https://www.garmin.com/xmlschemas/ActivityExtension/v2">
              <Watts>60</Watts>
            </TPX>
          </Extensions>
        </Trackpoint>
        <Trackpoint>
          <Time>2026-07-30T14:01:06Z</Time>
          <DistanceMeters>187.3</DistanceMeters>
          <Cadence>31</Cadence>
          <SensorState>Present</SensorState>
          <HeartRateBpm>
            <Value>142</Value>
          </HeartRateBpm>
          <Extensions>
            <TPX xmlns="https://www.garmin.com/xmlschemas/ActivityExtension/v2">
              <Watts>60</Watts>
            </TPX>
          </Extensions>
        </Trackpoint>
        <Trackpoint>
          <Time>2026-07-30T14:01:09Z</Time>
          <DistanceMeters>194.1</DistanceMeters>
          <Cadence>31</Cadence>
          <SensorState>Present</SensorState>
          <HeartRateBpm>
            <Value>141</Value>
          </HeartRateBpm>
          <Extensions>
            <TPX xmlns="https://www.garmin.com/xmlschemas/ActivityExtension/v2">
              <Watts>64</Watts>
            </TPX>
          </Extensions>
        </Trackpoint>
        <Trackpoint>
          <Time>2026-07-30T14:01:11Z</Time>
          <DistanceMeters>201</DistanceMeters>
          <Cadence>31</Cadence>
          <SensorState>Present</SensorState>
          <HeartRateBpm>
            <Value>140</Value>
          </HeartRateBpm>
          <Extensions>
            <TPX xmlns="https://www.garmin.com/xmlschemas/ActivityExtension/v2">
              <Watts>64</Watts>
            </TPX>
          </Extensions>
        </Trackpoint>
        <Trackpoint>
          <Time>2026-07-30T14:01:13Z</Time>
          <DistanceMeters>208.1</DistanceMeters>
          <Cadence>31</Cadence>
          <SensorState>Present</SensorState>
          <HeartRateBpm>
            <Value>139</Value>
          </HeartRateBpm>
          <Extensions>
            <TPX xmlns="https://www.garmin.com/xmlschemas/ActivityExtension/v2">
              <Watts>70</Watts>
            </TPX>
          </Extensions>
        </Trackpoint>
        <Trackpoint>
          <Time>2026-07-30T14:01:16Z</Time>
          <DistanceMeters>215.1</DistanceMeters>
          <Cadence>31</Cadence>
          <SensorState>Present</SensorState>
          <HeartRateBpm>
            <Value>138</Value>
          </HeartRateBpm>
          <Extensions>
            <TPX xmlns="https://www.garmin.com/xmlschemas/ActivityExtension/v2">
              <Watts>72</Watts>
            </TPX>
          </Extensions>
        </Trackpoint>
        <Trackpoint>
          <Time>2026-07-30T14:01:18Z</Time>
          <DistanceMeters>222.3</DistanceMeters>
          <Cadence>31</Cadence>
          <SensorState>Present</SensorState>
          <HeartRateBpm>
            <Value>137</Value>
          </HeartRateBpm>
          <Extensions>
            <TPX xmlns="https://www.garmin.com/xmlschemas/ActivityExtension/v2">
              <Watts>72</Watts>
            </TPX>
          </Extensions>
        </Trackpoint>
        <Trackpoint>
          <Time>2026-07-30T14:01:21Z</Time>
          <DistanceMeters>229.6</DistanceMeters>
          <Cadence>31</Cadence>
          <SensorState>Present</SensorState>
          <HeartRateBpm>
            <Value>135</Value>
          </HeartRateBpm>
          <Extensions>
            <TPX xmlns="https://www.garmin.com/xmlschemas/ActivityExtension/v2">
              <Watts>77</Watts>
            </TPX>
          </Extensions>
        </Trackpoint>
        <Trackpoint>
          <Time>2026-07-30T14:01:23Z</Time>
          <DistanceMeters>236.6</DistanceMeters>
          <Cadence>31</Cadence>
          <SensorState>Present</SensorState>
          <HeartRateBpm>
            <Value>135</Value>
          </HeartRateBpm>
          <Extensions>
            <TPX xmlns="https://www.garmin.com/xmlschemas/ActivityExtension/v2">
              <Watts>77</Watts>
            </TPX>
          </Extensions>
        </Trackpoint>
        <Trackpoint>
          <Time>2026-07-30T14:01:25Z</Time>
          <DistanceMeters>243.4</DistanceMeters>
          <Cadence>31</Cadence>
          <SensorState>Present</SensorState>
          <HeartRateBpm>
            <Value>134</Value>
          </HeartRateBpm>
          <Extensions>
            <TPX xmlns="https://www.garmin.com/xmlschemas/ActivityExtension/v2">
              <Watts>75</Watts>
            </TPX>
          </Extensions>
        </Trackpoint>
        <Trackpoint>
          <Time>2026-07-30T14:01:27Z</Time>
          <DistanceMeters>250.5</DistanceMeters>
          <Cadence>31</Cadence>
          <SensorState>Present</SensorState>
          <HeartRateBpm>
            <Value>134</Value>
          </HeartRateBpm>
          <Extensions>
            <TPX xmlns="https://www.garmin.com/xmlschemas/ActivityExtension/v2">
              <Watts>73</Watts>
            </TPX>
          </Extensions>
        </Trackpoint>
        <Trackpoint>
          <Time>2026-07-30T14:01:30Z</Time>
          <DistanceMeters>257.7</DistanceMeters>
          <Cadence>31</Cadence>
          <SensorState>Present</SensorState>
          <HeartRateBpm>
            <Value>134</Value>
          </HeartRateBpm>
          <Extensions>
            <TPX xmlns="https://www.garmin.com/xmlschemas/ActivityExtension/v2">
              <Watts>80</Watts>
            </TPX>
          </Extensions>
        </Trackpoint>
        <Trackpoint>
          <Time>2026-07-30T14:01:32Z</Time>
          <DistanceMeters>264.8</DistanceMeters>
          <Cadence>31</Cadence>
          <SensorState>Present</SensorState>
          <HeartRateBpm>
            <Value>133</Value>
          </HeartRateBpm>
          <Extensions>
            <TPX xmlns="https://www.garmin.com/xmlschemas/ActivityExtension/v2">
              <Watts>83</Watts>
            </TPX>
          </Extensions>
        </Trackpoint>
        <Trackpoint>
          <Time>2026-07-30T14:01:34Z</Time>
          <DistanceMeters>272.1</DistanceMeters>
          <Cadence>31</Cadence>
          <SensorState>Present</SensorState>
          <HeartRateBpm>
            <Value>133</Value>
          </HeartRateBpm>
          <Extensions>
            <TPX xmlns="https://www.garmin.com/xmlschemas/ActivityExtension/v2">
              <Watts>82</Watts>
            </TPX>
          </Extensions>
        </Trackpoint>
        <Trackpoint>
          <Time>2026-07-30T14:01:37Z</Time>
          <DistanceMeters>279.7</DistanceMeters>
          <Cadence>31</Cadence>
          <SensorState>Present</SensorState>
          <HeartRateBpm>
            <Value>132</Value>
          </HeartRateBpm>
          <Extensions>
            <TPX xmlns="https://www.garmin.com/xmlschemas/ActivityExtension/v2">
              <Watts>83</Watts>
            </TPX>
          </Extensions>
        </Trackpoint>
        <Trackpoint>
          <Time>2026-07-30T14:01:39Z</Time>
          <DistanceMeters>286.8</DistanceMeters>
          <Cadence>31</Cadence>
          <SensorState>Present</SensorState>
          <HeartRateBpm>
            <Value>133</Value>
          </HeartRateBpm>
          <Extensions>
            <TPX xmlns="https://www.garmin.com/xmlschemas/ActivityExtension/v2">
              <Watts>84</Watts>
            </TPX>
          </Extensions>
        </Trackpoint>
        <Trackpoint>
          <Time>2026-07-30T14:01:41Z</Time>
          <DistanceMeters>294.2</DistanceMeters>
          <Cadence>31</Cadence>
          <SensorState>Present</SensorState>
          <HeartRateBpm>
            <Value>132</Value>
          </HeartRateBpm>
          <Extensions>
            <TPX xmlns="https://www.garmin.com/xmlschemas/ActivityExtension/v2">
              <Watts>87</Watts>
            </TPX>
          </Extensions>
        </Trackpoint>
        <Trackpoint>
          <Time>2026-07-30T14:01:44Z</Time>
          <DistanceMeters>301.5</DistanceMeters>
          <Cadence>31</Cadence>
          <SensorState>Present</SensorState>
          <HeartRateBpm>
            <Value>132</Value>
          </HeartRateBpm>
          <Extensions>
            <TPX xmlns="https://www.garmin.com/xmlschemas/ActivityExtension/v2">
              <Watts>87</Watts>
            </TPX>
          </Extensions>
        </Trackpoint>
        <Trackpoint>
          <Time>2026-07-30T14:01:46Z</Time>
          <DistanceMeters>308.8</DistanceMeters>
          <Cadence>31</Cadence>
          <SensorState>Present</SensorState>
          <HeartRateBpm>
            <Value>132</Value>
          </HeartRateBpm>
          <Extensions>
            <TPX xmlns="https://www.garmin.com/xmlschemas/ActivityExtension/v2">
              <Watts>86</Watts>
            </TPX>
          </Extensions>
        </Trackpoint>
        <Trackpoint>
          <Time>2026-07-30T14:01:48Z</Time>
          <DistanceMeters>316.5</DistanceMeters>
          <Cadence>31</Cadence>
          <SensorState>Present</SensorState>
          <HeartRateBpm>
            <Value>132</Value>
          </HeartRateBpm>
          <Extensions>
            <TPX xmlns="https://www.garmin.com/xmlschemas/ActivityExtension/v2">
              <Watts>89</Watts>
            </TPX>
          </Extensions>
        </Trackpoint>
        <Trackpoint>
          <Time>2026-07-30T14:01:51Z</Time>
          <DistanceMeters>324.4</DistanceMeters>
          <Cadence>31</Cadence>
          <SensorState>Present</SensorState>
          <HeartRateBpm>
            <Value>133</Value>
          </HeartRateBpm>
          <Extensions>
            <TPX xmlns="https://www.garmin.com/xmlschemas/ActivityExtension/v2">
              <Watts>89</Watts>
            </TPX>
          </Extensions>
        </Trackpoint>
        <Trackpoint>
          <Time>2026-07-30T14:01:53Z</Time>
          <DistanceMeters>332</DistanceMeters>
          <Cadence>31</Cadence>
          <SensorState>Present</SensorState>
          <HeartRateBpm>
            <Value>132</Value>
          </HeartRateBpm>
          <Extensions>
            <TPX xmlns="https://www.garmin.com/xmlschemas/ActivityExtension/v2">
              <Watts>86</Watts>
            </TPX>
          </Extensions>
        </Trackpoint>
        <Trackpoint>
          <Time>2026-07-30T14:01:56Z</Time>
          <DistanceMeters>339.7</DistanceMeters>
          <Cadence>31</Cadence>
          <SensorState>Present</SensorState>
          <HeartRateBpm>
            <Value>133</Value>
          </HeartRateBpm>
          <Extensions>
            <TPX xmlns="https://www.garmin.com/xmlschemas/ActivityExtension/v2">
              <Watts>86</Watts>
            </TPX>
          </Extensions>
        </Trackpoint>
        <Trackpoint>
          <Time>2026-07-30T14:01:58Z</Time>
          <DistanceMeters>347.1</DistanceMeters>
          <Cadence>31</Cadence>
          <SensorState>Present</SensorState>
          <HeartRateBpm>
            <Value>133</Value>
          </HeartRateBpm>
          <Extensions>
            <TPX xmlns="https://www.garmin.com/xmlschemas/ActivityExtension/v2">
              <Watts>87</Watts>
            </TPX>
          </Extensions>
        </Trackpoint>
        <Trackpoint>
          <Time>2026-07-30T14:02:01Z</Time>
          <DistanceMeters>354.6</DistanceMeters>
          <Cadence>31</Cadence>
          <SensorState>Present</SensorState>
          <HeartRateBpm>
            <Value>132</Value>
          </HeartRateBpm>
          <Extensions>
            <TPX xmlns="https://www.garmin.com/xmlschemas/ActivityExtension/v2">
              <Watts>82</Watts>
            </TPX>
          </Extensions>
        </Trackpoint>
        <Trackpoint>
          <Time>2026-07-30T14:02:03Z</Time>
          <DistanceMeters>361.9</DistanceMeters>
          <Cadence>31</Cadence>
          <SensorState>Present</SensorState>
          <HeartRateBpm>
            <Value>132</Value>
          </HeartRateBpm>
          <Extensions>
            <TPX xmlns="https://www.garmin.com/xmlschemas/ActivityExtension/v2">
              <Watts>82</Watts>
            </TPX>
          </Extensions>
        </Trackpoint>
        <Trackpoint>
          <Time>2026-07-30T14:02:05Z</Time>
          <DistanceMeters>369.2</DistanceMeters>
          <Cadence>31</Cadence>
          <SensorState>Present</SensorState>
          <HeartRateBpm>
            <Value>132</Value>
          </HeartRateBpm>
          <Extensions>
            <TPX xmlns="https://www.garmin.com/xmlschemas/ActivityExtension/v2">
              <Watts>80</Watts>
            </TPX>
          </Extensions>
        </Trackpoint>
        <Trackpoint>
          <Time>2026-07-30T14:02:08Z</Time>
          <DistanceMeters>376.5</DistanceMeters>
          <Cadence>31</Cadence>
          <SensorState>Present</SensorState>
          <HeartRateBpm>
            <Value>132</Value>
          </HeartRateBpm>
          <Extensions>
            <TPX xmlns="https://www.garmin.com/xmlschemas/ActivityExtension/v2">
              <Watts>81</Watts>
            </TPX>
          </Extensions>
        </Trackpoint>
        <Trackpoint>
          <Time>2026-07-30T14:02:10Z</Time>
          <DistanceMeters>383.5</DistanceMeters>
          <Cadence>31</Cadence>
          <SensorState>Present</SensorState>
          <HeartRateBpm>
            <Value>131</Value>
          </HeartRateBpm>
          <Extensions>
            <TPX xmlns="https://www.garmin.com/xmlschemas/ActivityExtension/v2">
              <Watts>75</Watts>
            </TPX>
          </Extensions>
        </Trackpoint>
        <Trackpoint>
          <Time>2026-07-30T14:02:12Z</Time>
          <DistanceMeters>390.5</DistanceMeters>
          <Cadence>31</Cadence>
          <SensorState>Present</SensorState>
          <HeartRateBpm>
            <Value>132</Value>
          </HeartRateBpm>
          <Extensions>
            <TPX xmlns="https://www.garmin.com/xmlschemas/ActivityExtension/v2">
              <Watts>70</Watts>
            </TPX>
          </Extensions>
        </Trackpoint>
        <Trackpoint>
          <Time>2026-07-30T14:02:15Z</Time>
          <DistanceMeters>397.2</DistanceMeters>
          <Cadence>31</Cadence>
          <SensorState>Present</SensorState>
          <HeartRateBpm>
            <Value>133</Value>
          </HeartRateBpm>
          <Extensions>
            <TPX xmlns="https://www.garmin.com/xmlschemas/ActivityExtension/v2">
              <Watts>69</Watts>
            </TPX>
          </Extensions>
        </Trackpoint>
        <Trackpoint>
          <Time>2026-07-30T14:02:17Z</Time>
          <DistanceMeters>404.1</DistanceMeters>
          <Cadence>31</Cadence>
          <SensorState>Present</SensorState>
          <HeartRateBpm>
            <Value>133</Value>
          </HeartRateBpm>
          <Extensions>
            <TPX xmlns="https://www.garmin.com/xmlschemas/ActivityExtension/v2">
              <Watts>68</Watts>
            </TPX>
          </Extensions>
        </Trackpoint>
        <Trackpoint>
          <Time>2026-07-30T14:02:19Z</Time>
          <DistanceMeters>411.1</DistanceMeters>
          <Cadence>31</Cadence>
          <SensorState>Present</SensorState>
          <HeartRateBpm>
            <Value>133</Value>
          </HeartRateBpm>
          <Extensions>
            <TPX xmlns="https://www.garmin.com/xmlschemas/ActivityExtension/v2">
              <Watts>67</Watts>
            </TPX>
          </Extensions>
        </Trackpoint>
        <Trackpoint>
          <Time>2026-07-30T14:02:22Z</Time>
          <DistanceMeters>418.4</DistanceMeters>
          <Cadence>31</Cadence>
          <SensorState>Present</SensorState>
          <HeartRateBpm>
            <Value>135</Value>
          </HeartRateBpm>
          <Extensions>
            <TPX xmlns="https://www.garmin.com/xmlschemas/ActivityExtension/v2">
              <Watts>67</Watts>
            </TPX>
          </Extensions>
        </Trackpoint>
        <Trackpoint>
          <Time>2026-07-30T14:02:24Z</Time>
          <DistanceMeters>425.4</DistanceMeters>
          <Cadence>31</Cadence>
          <SensorState>Present</SensorState>
          <HeartRateBpm>
            <Value>135</Value>
          </HeartRateBpm>
          <Extensions>
            <TPX xmlns="https://www.garmin.com/xmlschemas/ActivityExtension/v2">
              <Watts>67</Watts>
            </TPX>
          </Extensions>
        </Trackpoint>
        <Trackpoint>
          <Time>2026-07-30T14:02:27Z</Time>
          <DistanceMeters>432.4</DistanceMeters>
          <Cadence>31</Cadence>
          <SensorState>Present</SensorState>
          <HeartRateBpm>
            <Value>133</Value>
          </HeartRateBpm>
          <Extensions>
            <TPX xmlns="https://www.garmin.com/xmlschemas/ActivityExtension/v2">
              <Watts>67</Watts>
            </TPX>
          </Extensions>
        </Trackpoint>
        <Trackpoint>
          <Time>2026-07-30T14:02:29Z</Time>
          <DistanceMeters>439.6</DistanceMeters>
          <Cadence>31</Cadence>
          <SensorState>Present</SensorState>
          <HeartRateBpm>
            <Value>133</Value>
          </HeartRateBpm>
          <Extensions>
            <TPX xmlns="https://www.garmin.com/xmlschemas/ActivityExtension/v2">
              <Watts>69</Watts>
            </TPX>
          </Extensions>
        </Trackpoint>
        <Trackpoint>
          <Time>2026-07-30T14:02:32Z</Time>
          <DistanceMeters>446.5</DistanceMeters>
          <Cadence>31</Cadence>
          <SensorState>Present</SensorState>
          <HeartRateBpm>
            <Value>133</Value>
          </HeartRateBpm>
          <Extensions>
            <TPX xmlns="https://www.garmin.com/xmlschemas/ActivityExtension/v2">
              <Watts>69</Watts>
            </TPX>
          </Extensions>
        </Trackpoint>
        <Trackpoint>
          <Time>2026-07-30T14:02:34Z</Time>
          <DistanceMeters>453.7</DistanceMeters>
          <Cadence>31</Cadence>
          <SensorState>Present</SensorState>
          <HeartRateBpm>
            <Value>133</Value>
          </HeartRateBpm>
          <Extensions>
            <TPX xmlns="https://www.garmin.com/xmlschemas/ActivityExtension/v2">
              <Watts>69</Watts>
            </TPX>
          </Extensions>
        </Trackpoint>
        <Trackpoint>
          <Time>2026-07-30T14:02:36Z</Time>
          <DistanceMeters>460.9</DistanceMeters>
          <Cadence>31</Cadence>
          <SensorState>Present</SensorState>
          <HeartRateBpm>
            <Value>133</Value>
          </HeartRateBpm>
          <Extensions>
            <TPX xmlns="https://www.garmin.com/xmlschemas/ActivityExtension/v2">
              <Watts>68</Watts>
            </TPX>
          </Extensions>
        </Trackpoint>
        <Trackpoint>
          <Time>2026-07-30T14:02:39Z</Time>
          <DistanceMeters>468.1</DistanceMeters>
          <Cadence>31</Cadence>
          <SensorState>Present</SensorState>
          <HeartRateBpm>
            <Value>133</Value>
          </HeartRateBpm>
          <Extensions>
            <TPX xmlns="https://www.garmin.com/xmlschemas/ActivityExtension/v2">
              <Watts>68</Watts>
            </TPX>
          </Extensions>
        </Trackpoint>
        <Trackpoint>
          <Time>2026-07-30T14:02:41Z</Time>
          <DistanceMeters>475.5</DistanceMeters>
          <Cadence>31</Cadence>
          <SensorState>Present</SensorState>
          <HeartRateBpm>
            <Value>133</Value>
          </HeartRateBpm>
          <Extensions>
            <TPX xmlns="https://www.garmin.com/xmlschemas/ActivityExtension/v2">
              <Watts>75</Watts>
            </TPX>
          </Extensions>
        </Trackpoint>
        <Trackpoint>
          <Time>2026-07-30T14:03:00Z</Time>
          <DistanceMeters>483.1</DistanceMeters>
          <Cadence>31</Cadence>
          <SensorState>Present</SensorState>
          <HeartRateBpm>
            <Value>131</Value>
          </HeartRateBpm>
          <Extensions>
            <TPX xmlns="https://www.garmin.com/xmlschemas/ActivityExtension/v2">
              <Watts>75</Watts>
            </TPX>
          </Extensions>
        </Trackpoint>
      </Track>
    </Lap>
  <Creator xsi:type="Device_t">
    <Name>Concept2</Name>
    <ProductID>5</ProductID>
    <Version>
      <VersionMajor>1</VersionMajor>
      <VersionMinor>0</VersionMinor>
      <BuildMajor>1</BuildMajor>
      <BuildMinor>0</BuildMinor>
    </Version>
  </Creator>
</Activity>
</Activities>
<Author xsi:type="Application_t">
  <Name></Name>
  <Build>
    <Version>
      <VersionMajor>1</VersionMajor>
      <VersionMinor>0</VersionMinor>
      <BuildMajor>1</BuildMajor>
      <BuildMinor>0</BuildMinor>
    </Version>
  </Build>
  <LangID>en</LangID>
</Author>
</TrainingCenterDatabase>
